1,demo1,sample,"361 S Blossom, Hewlett, WA 76985",1,751-181-4283,0,No comment
2,demo2,sample,"776 Fallen Mission, Denver borough, IN 72432",2,717-799-8291,0,No comment
3,demo3,sample,"161 Amber Cliff, Rose Hill Acres, NY 15450",3,876-499-6357,0,No comment
4,demo4,sample,"876 SW Fawn Point, Smokey Point, MA 80810",4,484-042-8282,0,No comment
5,demo5,sample,"P.O. Box 23629, Ogdensburg borough, NH 70135",5,255-601-9540,0,No comment
6,demo6,sample,"544 E Path, Huslia, WV 21929",6,802-709-6586,0,No comment
7,demo7,sample,"263 Merry Swale, Perryville, TX 96506",7,338-150-1312,0,No comment
8,demo8,sample,"90 Sunny Fort, Guide Rock village, WY 29575",8,602-287-4455,0,No comment
9,demo9,sample,"76 Honey Rabbit Lawn, Lengby, KY 54800",9,424-849-2930,0,No comment
10,demo10,sample,"418 S Corner, Primghar, IA 48625",10,307-212-6900,0,No comment
11,demo11,sample,"775 Rose Ridge, Fairchild village, AL 1370",11,548-095-2459,0,No comment
12,demo12,sample,"639 Grove Parade, Chimayo, ID 33491",12,302-621-3821,0,No comment
13,demo13,sample,"1 Heather Panda Court, Lawson, NE 190",13,512-892-3510,0,No comment
14,demo14,sample,"879 Foggy Elk Extension, Oakview village, NE 52276",14,419-782-8784,0,No comment
15,demo15,sample,"538 Pleasant Dam, Maple Plain, IA 34916",15,258-515-6189,0,No comment
16,demo16,sample,"339 Broad Crossing, Banner Hill, WA 88846",16,201-848-0908,0,No comment
17,demo17,sample,"P.O. Box 21212, Woodstock, SD 46128",17,847-665-7882,0,No comment
18,demo18,sample,"P.O. Box 15188, Glen Echo, WY 37748",18,864-635-5486,0,No comment
19,demo19,sample,"789 View Isle, Bay Minette, SC 25852",19,827-817-3716,0,No comment
20,demo20,sample,"P.O. Box 64530, McLain, DE 93642",20,838-007-5326,0,No comment
21,demo21,sample,"934 Hidden Hollow, Walnut Ridge, CT 57187",21,516-268-3373,0,No comment
22,demo22,sample,"P.O. Box 57936, Merrill village, DE 86396",22,814-094-9140,0,No comment
23,demo23,sample,"198 Iron Crest, Optima, MS 20364",23,326-589-2431,0,No comment
24,demo24,sample,"54 Hazy Robin, Crossville, NJ 21887",24,364-241-4787,0,No comment
25,demo25,sample,"P.O. Box 90369, Highlands Ranch, DE 92935",25,416-557-0883,0,No comment
26,demo26,sample,"984 Shady Passage, Talbotton, OK 52200",26,389-099-7680,0,No comment
27,demo27,sample,"P.O. Box 53791, Severy, NV 25183",27,243-441-9688,0,No comment
28,demo28,sample,"280 Timber Arcade, East Islip, OK 22965",28,958-649-8005,0,No comment
29,demo29,sample,"418 N Meadow, Knights, NC 17610",29,629-696-6522,0,No comment
30,demo30,sample,"513 NE Well, Woodson Terrace, ID 28980",30,617-617-5263,0,No comment
31,demo31,sample,"P.O. Box 15684, Horsham, AK 40839",31,859-457-8824,0,No comment
32,demo32,sample,"525 S Stream Ledge, Kilmichael, DE 87620",32,888-466-5556,0,No comment
33,demo33,sample,"286 Thunder Wintergreen Dam, Copperville, MN 53542",33,288-325-9472,0,No comment
34,demo34,sample,"64 Lost Light Place, Spry, CO 93767",34,562-494-6890,0,No comment
35,demo35,sample,"513 N Oval, Herman village, NV 91398",35,841-419-6117,0,No comment
36,demo36,sample,"501 Brook Expressway, Palmona Park, CT 78221",36,383-308-7269,0,No comment
37,demo37,sample,"706 Fox Terrace, Hendersonville, ID 44186",37,232-310-6445,0,No comment
38,demo38,sample,"78 Dewy Harbor, Madison village, DE 33479",38,853-610-5409,0,No comment
39,demo39,sample,"282 Honey Trafficway, Chetek, IN 21387",39,722-748-7176,0,No comment
40,demo40,sample,"389 Pine Isle, Rebecca, AK 86010",40,851-203-5570,0,No comment
41,demo41,sample,"844 Grand Wagon Route, Conetoe, VA 95399",41,922-080-0995,0,No comment
42,demo42,sample,"618 Fifth Run, Golden Triangle, CO 86126",42,455-993-6461,0,No comment
43,demo43,sample,"963 NW Place, Deer Grove village, ME 56776",43,314-766-9140,0,No comment
44,demo44,sample,"443 Peavey Edge, Waconia, NJ 17774",44,730-525-7533,0,No comment
45,demo45,sample,"238 Indian Squaw, Wink, FL 45623",45,442-963-5099,0,No comment
46,demo46,sample,"855 Jagged Lodge, North Windham, ME 72348",46,825-681-3124,0,No comment
47,demo47,sample,"541 E Eighth Chase, Paradis, CA 16366",47,815-603-6005,0,No comment
48,demo48,sample,"P.O. Box 98049, Sandy Ridge, ND 93840",48,513-894-1990,0,No comment
49,demo49,sample,"709 Grand Parkway, Hood River, MD 27524",49,933-883-0143,0,No comment
50,demo50,sample,"894 Course Tunnel, Estill Springs, NY 67998",50,209-843-3240,0,No comment
51,demo51,sample,"216 Oak Edge, Frontenac, AL 96385",51,308-931-6984,0,No comment
52,demo52,sample,"917 Easy Avenue, Buna, OR 67000",52,403-897-6650,0,No comment
53,demo53,sample,"41 Richmond Bayoo, Cole Camp, CO 81918",53,973-513-1426,0,No comment
54,demo54,sample,"584 Foggy Vale, Coal, AR 98497",54,354-836-9748,0,No comment
55,demo55,sample,"268 Jagged Crescent, Tarrants village, NC 38924",55,460-961-1034,0,No comment
56,demo56,sample,"966 Seventh Terrace, DadeNorth, SC 80859",56,812-134-0736,0,No comment
57,demo57,sample,"774 Hidden Second Promenade, Holley village, VA 75179",57,853-275-3958,0,No comment
58,demo58,sample,"P.O. Box 60371, Ericson village, SD 94379",58,461-571-9212,0,No comment
59,demo59,sample,"644 Log Route, Brooksburg, OH 39323",59,937-747-1585,0,No comment
60,demo60,sample,"509 Cedar Tunnel, Strathmore, IL 92358",60,403-907-0887,0,No comment
61,demo61,sample,"89 Cinder Point, Pasadena, CO 41733",61,946-479-7307,0,No comment
62,demo62,sample,"972 Ferry Street, Quintana, NY 77503",62,415-409-6521,0,No comment
63,demo63,sample,"43 Kennedy Point, Marrowstone, AL 65431",63,311-292-1294,0,No comment
64,demo64,sample,"467 NW Orchard, Tyndall, NV 12231",64,480-974-6676,0,No comment
65,demo65,sample,"457 Umber River Arbor, Dousman village, LA 60410",65,605-770-1970,0,No comment
66,demo66,sample,"162 Middle Fort Annex, Readlyn, CO 13659",66,724-235-6224,0,No comment
67,demo67,sample,"P.O. Box 26430, South Palm Beach, RI 7926",67,981-219-5415,0,No comment
68,demo68,sample,"743 Silver Fox, Antioch, KS 85209",68,746-391-1936,0,No comment
69,demo69,sample,"P.O. Box 63375, Midfield, NJ 78682",69,804-730-1767,0,No comment
70,demo70,sample,"P.O. Box 27049, Manilla, TX 26776",70,379-554-2070,0,No comment
71,demo71,sample,"P.O. Box 43043, Karnes, NC 56917",71,542-248-1308,0,No comment
72,demo72,sample,"255 Cedar Kennedy Promenade, Glandorf village, KY 96630",72,221-529-7276,0,No comment
73,demo73,sample,"91 Misty Common, Ayer, WV 60148",73,966-760-0935,0,No comment
74,demo74,sample,"957 River Woods, Crowell, OR 2196",74,228-884-1462,0,No comment
75,demo75,sample,"316 Merry Prairie, Arcade, FL 61971",75,409-079-7765,0,No comment
76,demo76,sample,"548 Common Bridge, St. Clair, MA 44050",76,269-984-1747,0,No comment
77,demo77,sample,"P.O. Box 80747, Robinwood, DE 91667",77,383-551-7361,0,No comment
78,demo78,sample,"200 Quaking Rose Parade, Leachville, WY 43314",78,518-628-3540,0,No comment
79,demo79,sample,"824 Silent Row, Terra Mar, MA 34872",79,311-399-0247,0,No comment
80,demo80,sample,"831 Noble Square, Deer Grove village, NY 31239",80,222-435-9647,0,No comment
81,demo81,sample,"59 Circle Land, Cottonwood Shores, LA 96303",81,203-388-1338,0,No comment
82,demo82,sample,"587 Thunder Trace, Emmaus borough, ID 93230",82,979-829-7974,0,No comment
83,demo83,sample,"P.O. Box 37828, Shorter, ND 32015",83,804-383-5210,0,No comment
84,demo84,sample,"30 Sleepy Zephyr, Wyola, ND 14072",84,447-456-2908,0,No comment
85,demo85,sample,"379 Dewy Pathway, Williamston, AK 72244",85,868-151-6794,0,No comment
86,demo86,sample,"620 Cedar Maple Landing, Coal Run Village, IA 45722",86,929-332-7998,0,No comment
87,demo87,sample,"722 Berry Junction, Rosenhayn, VA 84230",87,832-403-4033,0,No comment
88,demo88,sample,"940 Iron Lock, Belmont village, MA 80436",88,220-380-8467,0,No comment
89,demo89,sample,"567 Misty Crescent, Baltimore village, MT 70753",89,517-059-1408,0,No comment
90,demo90,sample,"775 Lost Perkins, Bartlett, GA 9480",90,670-722-6054,0,No comment
91,demo91,sample,"538 Cedar Harbor, Cullison, WY 57401",91,952-062-2417,0,No comment
92,demo92,sample,"P.O. Box 71664, Dryden village, MT 86296",92,887-158-1131,0,No comment
93,demo93,sample,"680 Colonial Edge, Aldrich village, AR 5911",93,974-557-9379,0,No comment
94,demo94,sample,"687 Sunny Plain, Cornersville, AZ 46075",94,478-197-3861,0,No comment
95,demo95,sample,"411 Ranch Port, Elkridge, MA 57977",95,531-429-4168,0,No comment
96,demo96,sample,"328 Tawny Dam, Escalante, RI 64982",96,784-397-1894,0,No comment
97,demo97,sample,"P.O. Box 58769, Tumacacori-Carmen, IN 86149",97,743-912-1354,0,No comment
98,demo98,sample,"P.O. Box 11350, Elfers, KY 18083",98,750-579-6466,0,No comment
99,demo99,sample,"850 Old Pioneer, Northvillage, KY 14664",99,840-599-2899,0,No comment
100,demo100,sample,"613 Dusty Highway, Stamford village, KY 31688",100,258-912-2246,0,No comment
101,demo101,sample,"64 Gentle Ramp, Dudley, MI 73387",101,755-877-9260,0,No comment
102,demo102,sample,"P.O. Box 34125, Brewer, NH 65556",102,722-440-1076,0,No comment
103,demo103,sample,"966 NE Fifth, Hickory Ridge, UT 28374",103,690-919-0563,0,No comment
104,demo104,sample,"134 Iron Rise, Gilberts village, CO 35828",104,476-117-2205,0,No comment
105,demo105,sample,"326 Misty Throughway, Great Falls, NC 25319",105,741-480-2065,0,No comment
106,demo106,sample,"144 SW Creek, Edinburg village, MA 94148",106,351-023-5294,0,No comment
107,demo107,sample,"983 Burning Divide, Flint, GA 25335",107,200-441-4428,0,No comment
108,demo108,sample,"936 Green Arbor, Angier, NM 95971",108,829-549-2307,0,No comment
109,demo109,sample,"546 Wall Village, Tinicum ship, MA 21166",109,574-776-1157,0,No comment
110,demo110,sample,"413 Spur Vista, Opa-locka, OR 59904",110,369-418-1684,0,No comment
111,demo111,sample,"908 W Bear, Valley Springs, AR 12159",111,434-187-5798,0,No comment
112,demo112,sample,"591 Gate Isle, Honaunau-Napoopoo, NJ 53844",112,629-091-6896,0,No comment
113,demo113,sample,"287 Tawny Spur, Nogales, WY 79343",113,490-567-0315,0,No comment
114,demo114,sample,"995 Stony Butterfly Oval, North St. Paul, PA 32795",114,783-255-8655,0,No comment
115,demo115,sample,"P.O. Box 95389, Shonto, MS 18951",115,279-988-5885,0,No comment
116,demo116,sample,"P.O. Box 34332, Anacoco village, OH 66085",116,862-684-7800,0,No comment
117,demo117,sample,"P.O. Box 75212, Heritage Hills, NY 18184",117,249-252-8746,0,No comment
118,demo118,sample,"850 Cinder Ranch Quay, Edgecliff Village, CO 26413",118,465-432-5719,0,No comment
119,demo119,sample,"323 Fallen Fillmore Viaduct, Louann, NC 76822",119,262-528-5325,0,No comment
120,demo120,sample,"749 Easy Oak Edge, Norwood, UT 38441",120,230-702-1018,0,No comment
121,demo121,sample,"775 Horse Annex, West Columbia, SC 55734",121,777-231-0041,0,No comment
122,demo122,sample,"P.O. Box 24496, Orient, WI 84966",122,614-539-7158,0,No comment
123,demo123,sample,"369 Burning Rest, Granbury, NE 47933",123,344-017-1319,0,No comment
124,demo124,sample,"460 Colonial Grove, Wayland village, AK 19634",124,675-470-0831,0,No comment
125,demo125,sample,"347 Fork Crest, Kevil, ND 64376",125,435-119-1540,0,No comment
126,demo126,sample,"76 Crystal Orchard, Champ village, AL 2755",126,837-829-4821,0,No comment
127,demo127,sample,"167 Silver Highway, Aurelia, MS 23858",127,688-426-8611,0,No comment
128,demo128,sample,"7 Foggy Fork Approach, Rockton village, UT 81924",128,967-391-9898,0,No comment
129,demo129,sample,"364 Ranch Overpass, Darby, MS 11464",129,509-826-6333,0,No comment
130,demo130,sample,"686 Cozy End, McCammon, ND 36917",130,584-418-2728,0,No comment
131,demo131,sample,"P.O. Box 17255, Arkoma, FL 25480",131,972-673-2906,0,No comment
132,demo132,sample,"653 Sunny Dale, Chiefland, AK 43581",132,205-155-7657,0,No comment
133,demo133,sample,"471 Harvest Ranch Beach, McKinley, AK 56517",133,985-942-6432,0,No comment
134,demo134,sample,"758 Bright Row, Gibson, CA 76951",134,284-491-4299,0,No comment
135,demo135,sample,"165 Green Expressway, Forest Park village, ND 98556",135,508-248-3581,0,No comment
136,demo136,sample,"277 Quaking Apple Path, Bardonia, OH 81346",136,507-648-4868,0,No comment
137,demo137,sample,"277 Well Trail, New borough, CO 25075",137,448-801-6683,0,No comment
138,demo138,sample,"741 Red Cider, Bellefontaine, IA 94906",138,369-820-9048,0,No comment
139,demo139,sample,"505 Bright Fork Terrace, Latonia Lakes, HI 86250",139,633-703-4212,0,No comment
140,demo140,sample,"257 Red Trace, Onslow, NC 79325",140,962-496-8690,0,No comment
141,demo141,sample,"989 Amber Nectar, Meadow Lark Lake, TN 52893",141,625-773-6518,0,No comment
142,demo142,sample,"986 Kennedy Beach, Argos, MI 80428",142,375-816-4106,0,No comment
143,demo143,sample,"936 Merry Panda Heights, Minnesota Lake, AR 30158",143,878-454-7673,0,No comment
144,demo144,sample,"781 Heather Park, Berwyn village, SC 74354",144,888-072-3567,0,No comment
145,demo145,sample,"P.O. Box 18407, Hoyt Lakes, SC 70145",145,254-825-6320,0,No comment
146,demo146,sample,"405 NE Stream, Lemont, OR 86949",146,538-492-6257,0,No comment
147,demo147,sample,"761 Loaf Shore, Reynoldsburg, AR 31452",147,746-008-3792,0,No comment
148,demo148,sample,"762 Forest Vista, Eldorado village, MN 96677",148,613-833-7780,0,No comment
149,demo149,sample,"667 Easy Nectar Curve, Lake Erie Beach, AL 19534",149,486-064-0805,0,No comment
150,demo150,sample,"633 Pleasant Arcade, Blytheville, VA 52591",150,381-772-1141,0,No comment
151,demo151,sample,"657 Club Isle, Arp, TN 54965",151,742-478-6676,0,No comment
152,demo152,sample,"266 Cinder Pine, Old Saybrook Center, VA 22246",152,633-811-0136,0,No comment
153,demo153,sample,"334 Golden Freeway, Belton, ND 3532",153,364-405-4987,0,No comment
154,demo154,sample,"323 Fork Parade, Alpine Northwest, WV 73575",154,269-303-6748,0,No comment
155,demo155,sample,"P.O. Box 48018, Emmitsburg, MI 30000",155,552-537-4934,0,No comment
156,demo156,sample,"P.O. Box 52542, Panama, MS 13307",156,568-835-9805,0,No comment
157,demo157,sample,"516 Umber Ironwood Place, South Duxbury, IN 96783",157,244-866-6264,0,No comment
158,demo158,sample,"866 First Highway, River Grove village, NV 63558",158,724-769-5785,0,No comment
159,demo159,sample,"670 Silver Valley, Fountain village, IN 13269",159,324-603-9290,0,No comment
160,demo160,sample,"978 Cliff Curve, Copperville, TN 44305",160,883-901-4591,0,No comment
161,demo161,sample,"P.O. Box 61039, Kennard village, TN 70524",161,341-650-0088,0,No comment
162,demo162,sample,"782 Shady Willow, Arden Hills, NC 64084",162,883-206-1914,0,No comment
163,demo163,sample,"P.O. Box 42434, Southgate, AL 66356",163,853-026-5792,0,No comment
164,demo164,sample,"430 Sunny Beacon Pike, Stallings, OR 13335",164,267-555-8977,0,No comment
165,demo165,sample,"156 SW Spur, Vass, IA 44408",165,425-652-9663,0,No comment
166,demo166,sample,"P.O. Box 96468, Lithonia, NY 65060",166,485-381-1717,0,No comment
167,demo167,sample,"223 Hidden Freeway, Kewaskum village, IA 86146",167,463-585-4951,0,No comment
168,demo168,sample,"198 NW Common Edge, Haubstadt, NM 15832",168,800-228-7131,0,No comment
169,demo169,sample,"P.O. Box 37873, Erie village, ND 606",169,482-552-0674,0,No comment
170,demo170,sample,"780 Burning Promenade, De Pere, AK 20379",170,979-721-9793,0,No comment
171,demo171,sample,"343 Little Viaduct, Luck village, AK 61371",171,226-293-6026,0,No comment
172,demo172,sample,"462 Golden Neck, Hensley, MN 60071",172,602-061-4296,0,No comment
173,demo173,sample,"579 Heather Ledge, Briarwood, OH 50857",173,512-428-2519,0,No comment
174,demo174,sample,"539 Bear Beach, Callisburg, MT 16489",174,600-072-6259,0,No comment
175,demo175,sample,"15 Panda Gateway, Temple Hills, CA 71662",175,351-452-9253,0,No comment
176,demo176,sample,"649 Sixth Narrow, Allouez village, CO 50905",176,350-951-6894,0,No comment
177,demo177,sample,"707 Cedar Summit, New Suffolk, AR 19451",177,309-786-0045,0,No comment
178,demo178,sample,"465 Velvet Treasure Street, Schall Circle, MN 89994",178,384-303-6765,0,No comment
179,demo179,sample,"847 Honey Blossom, Myrtle Point, VA 36348",179,311-756-1195,0,No comment
180,demo180,sample,"640 Merry Arbor, Hickory Flat, NV 86205",180,458-929-4652,0,No comment
181,demo181,sample,"37 Horse Highway, Stoutsville village, PA 18750",181,726-147-3836,0,No comment
182,demo182,sample,"108 Autumn Station, Rembrandt, WV 48550",182,323-090-8941,0,No comment
183,demo183,sample,"451 Dewy Prairie Swale, Pamplin, NV 32099",183,570-981-5318,0,No comment
184,demo184,sample,"492 Sleepy Arbor, Trent, SD 70366",184,223-184-1658,0,No comment
185,demo185,sample,"630 Colonial Apple, Carrsville, IN 73807",185,387-643-0698,0,No comment
186,demo186,sample,"658 Center Bridge, Kirby, OR 85998",186,471-665-5032,0,No comment
187,demo187,sample,"753 Cinder Passage, Lake Dallas, ID 46463",187,685-411-4353,0,No comment
188,demo188,sample,"926 Leaf Union, Ritchey, IA 46867",188,411-810-7863,0,No comment
189,demo189,sample,"618 W River Track, Windsor, TX 61654",189,559-268-4042,0,No comment
190,demo190,sample,"974 Cedar Rise Radial, Loretto borough, HI 32514",190,545-216-9123,0,No comment
191,demo191,sample,"192 Burning Log Trafficway, Walkerville village, KS 72273",191,981-221-6765,0,No comment
192,demo192,sample,"607 Spring Ridge, Oatfield, VT 38663",192,207-688-9413,0,No comment
193,demo193,sample,"255 Jagged Oak Chase, Francisco, OR 51400",193,885-216-9950,0,No comment
194,demo194,sample,"P.O. Box 40752, Mosby, HI 32637",194,433-601-9450,0,No comment
195,demo195,sample,"P.O. Box 59015, Bell Center village, IL 28255",195,323-808-4434,0,No comment
196,demo196,sample,"855 Fork Square, Jessup, DE 54536",196,257-204-9357,0,No comment
197,demo197,sample,"P.O. Box 45273, Mount Charleston, IN 50814",197,653-228-8615,0,No comment
198,demo198,sample,"109 Main Walk, Sunset, NM 8368",198,909-920-3480,0,No comment
199,demo199,sample,"P.O. Box 55642, Omega, VA 61911",199,816-162-1709,0,No comment
200,demo200,sample,"613 Mall Alley, South Shaftsbury, PA 67610",200,424-299-1805,0,No comment
201,demo201,sample,"58 Sleepy Peavey Bridge, Dixie Inn village, RI 80673",201,955-532-0770,0,No comment
202,demo202,sample,"368 Fifth Glade, Islandia village, WY 53722",202,624-608-4406,0,No comment
203,demo203,sample,"574 Colonial Walk, Hall Summit village, OK 91007",203,582-220-6036,0,No comment
204,demo204,sample,"917 Dusty Prairie Estate, Varna village, MD 31384",204,602-817-1828,0,No comment
205,demo205,sample,"P.O. Box 35187, Santa Paula, MI 55193",205,513-308-4409,0,No comment
206,demo206,sample,"826 Easy Crossroad, New Paris borough, AR 20666",206,628-424-7556,0,No comment
207,demo207,sample,"P.O. Box 83572, Somerset, MO 33667",207,314-133-8727,0,No comment
208,demo208,sample,"617 Lake Skyway, Dilkon, CO 3805",208,729-689-5053,0,No comment
209,demo209,sample,"845 Green Rest Freeway, Oakdale borough, WV 46795",209,727-189-0611,0,No comment
210,demo210,sample,"207 Spur Overpass, Silerton, IA 26372",210,966-341-3878,0,No comment
211,demo211,sample,"199 Red Camp Canyon, Grand Rapids, SC 57960",211,409-844-9144,0,No comment
212,demo212,sample,"907 Fox Row, Massanutten, VT 2255",212,861-070-1510,0,No comment
213,demo213,sample,"P.O. Box 40405, Lone Pine, NY 15977",213,303-302-8605,0,No comment
214,demo214,sample,"851 Blue Lodge, Broxton, ID 53698",214,573-846-8716,0,No comment
215,demo215,sample,"242 Sunny Divide, Prattville, OR 26921",215,985-370-4964,0,No comment
216,demo216,sample,"490 N Stream, Grand Lake, KS 85347",216,822-244-8362,0,No comment
217,demo217,sample,"468 NE Alley, De Leon Springs, PA 81649",217,471-119-1922,0,No comment
218,demo218,sample,"633 Grove Mews, Tulia, FL 59790",218,734-021-7715,0,No comment
219,demo219,sample,"526 Timber Nook, Montello, NE 28057",219,715-184-0919,0,No comment
220,demo220,sample,"P.O. Box 89363, Achille, OR 60367",220,601-971-6487,0,No comment
221,demo221,sample,"48 Jagged Fort Bend, Simonton, OK 32109",221,710-509-4676,0,No comment
222,demo222,sample,"829 Noble Pine, Grand Haven, NV 88450",222,418-136-7357,0,No comment
223,demo223,sample,"175 NE Ironwood, Butler borough, TN 39544",223,368-399-1336,0,No comment
224,demo224,sample,"851 SE Pioneer Ridge, Babbie, TX 88912",224,231-943-4290,0,No comment
225,demo225,sample,"603 NW Embers Edge, Alpha borough, HI 5213",225,228-183-0407,0,No comment
226,demo226,sample,"559 Horse Plaza, Lakeland Village, ME 95045",226,539-920-0711,0,No comment
227,demo227,sample,"275 Burning Seventh Canyon, Orleans, VT 46833",227,738-009-6964,0,No comment
228,demo228,sample,"P.O. Box 41468, Holtville, SD 21866",228,936-147-7601,0,No comment
229,demo229,sample,"P.O. Box 73420, Lakeway, WY 90600",229,776-827-6713,0,No comment
230,demo230,sample,"117 Sunny Essex Nook, Prairie, OR 44180",230,343-528-9640,0,No comment
231,demo231,sample,"P.O. Box 65218, Donnelly, FL 68825",231,700-977-6690,0,No comment
232,demo232,sample,"263 Green Crest, Jakin, WA 10347",232,265-320-9667,0,No comment
233,demo233,sample,"484 Crystal Light Radial, Brent, TN 93066",233,685-442-8653,0,No comment
234,demo234,sample,"729 S Essex Expressway, Verden, NV 64796",234,934-951-3183,0,No comment
235,demo235,sample,"988 Blue Crossroad, Pasco, WY 51030",235,647-623-4004,0,No comment
236,demo236,sample,"574 Cozy Oak Highway, Monrovia, MT 81850",236,656-960-7075,0,No comment
237,demo237,sample,"751 W Eighth, St. Charles, CO 67022",237,814-571-1421,0,No comment
238,demo238,sample,"P.O. Box 24729, Harwich Port, MS 34729",238,460-691-4427,0,No comment
239,demo239,sample,"P.O. Box 70609, Kennett, RI 63489",239,812-399-0994,0,No comment
240,demo240,sample,"53 Apple Freeway, Nikiski, MD 38357",240,702-616-8008,0,No comment
241,demo241,sample,"856 Wishing Crescent Landing, Bradford village, MO 48709",241,529-528-6176,0,No comment
242,demo242,sample,"27 Middle Essex Corner, Beaver Bay, PA 4405",242,790-391-7401,0,No comment
243,demo243,sample,"913 Hazy Wall, Fountain Lake, WI 57215",243,259-506-4725,0,No comment
244,demo244,sample,"306 Cloud Gardens, Johannesburg, MI 27098",244,452-049-4436,0,No comment
245,demo245,sample,"866 Broad Goose, Pine Bush, DE 38409",245,816-186-8304,0,No comment
246,demo246,sample,"532 Umber Common Edge, Solis, SC 14149",246,941-319-3209,0,No comment
247,demo247,sample,"689 Indian Curve, Lyons, GA 28808",247,663-604-3851,0,No comment
248,demo248,sample,"P.O. Box 15253, Spicer, FL 81166",248,517-732-8519,0,No comment
249,demo249,sample,"146 W Rest Street, Lawtey, WY 86329",249,263-394-3913,0,No comment
250,demo250,sample,"326 Velvet Lock Dam, Hannah, NY 11443",250,347-805-5744,0,No comment
251,demo251,sample,"268 Cozy Fifth Approach, Millersburg, MI 46094",251,901-217-5858,0,No comment
252,demo252,sample,"269 Sunny Common Junction, Pine Knoll Shores, IL 52741",252,375-521-8467,0,No comment
253,demo253,sample,"600 NW Extension, Long Grove village, ME 41965",253,471-531-4642,0,No comment
254,demo254,sample,"P.O. Box 32762, Haynesville, NM 18302",254,239-861-3917,0,No comment
255,demo255,sample,"820 Smith Stravenue, Laporte borough, RI 97635",255,255-346-5012,0,No comment
256,demo256,sample,"755 Jagged Trail, Fort Thomas, RI 36431",256,959-869-6302,0,No comment
257,demo257,sample,"197 Cinder Robin Approach, Valley Acres, IL 17694",257,541-805-5666,0,No comment
258,demo258,sample,"822 Park Boulevard, Holdenville, WA 16442",258,780-656-5857,0,No comment
259,demo259,sample,"458 Blossom Dell, Linden, TN 68420",259,652-215-9157,0,No comment
260,demo260,sample,"578 Log Gateway, Le Grand, OH 14449",260,557-892-6998,0,No comment
261,demo261,sample,"295 Blue Hickory, Cockrell Hill, OR 65118",261,321-889-0448,0,No comment
262,demo262,sample,"809 Lazy Circle Junction, Rosalia, WA 87064",262,870-104-0453,0,No comment
263,demo263,sample,"P.O. Box 67029, Lumberborough, SC 77436",263,476-786-7328,0,No comment
264,demo264,sample,"754 Red Oval, Ridgeland, MN 9154",264,390-470-2793,0,No comment
265,demo265,sample,"965 Tawny Hickory Motorway, Cammack Village, RI 42705",265,553-296-9868,0,No comment
266,demo266,sample,"99 Indian River, Hall Summit village, WV 83416",266,353-725-3845,0,No comment
267,demo267,sample,"366 Cider Terrace, Bridgewater borough, CO 34299",267,563-178-5449,0,No comment
268,demo268,sample,"197 Dusty Fox, Flaxville, SC 85706",268,325-384-7651,0,No comment
269,demo269,sample,"781 Red Rise, Lorton, VT 44656",269,204-348-8664,0,No comment
270,demo270,sample,"587 Jagged Ridge, Port Clinton, OR 10347",270,655-767-8324,0,No comment
271,demo271,sample,"605 Velvet Swale, Adamsburg borough, OH 5764",271,367-396-7314,0,No comment
272,demo272,sample,"812 Grand Bluff, Omega, AR 34954",272,981-550-5021,0,No comment
273,demo273,sample,"654 Berry Stravenue, Coweta, DE 373",273,915-134-7263,0,No comment
274,demo274,sample,"424 NW Curve, Bayou Gauche, GA 1568",274,639-500-8039,0,No comment
275,demo275,sample,"34 Fallen Fort Passage, Raynham, TN 88086",275,442-674-5351,0,No comment
276,demo276,sample,"296 Cozy Mountain, Corona de Tucson, LA 66485",276,848-667-7779,0,No comment
277,demo277,sample,"491 Indian Horse Bank, Mandan, OK 90231",277,758-954-1367,0,No comment
278,demo278,sample,"342 Bright Bear, New Rome village, MN 89816",278,902-707-1002,0,No comment
279,demo279,sample,"851 Cloud Stravenue, Lushton village, CO 34205",279,352-387-8512,0,No comment
280,demo280,sample,"244 Forge Estate, Eustis village, NM 11680",280,442-580-3469,0,No comment
281,demo281,sample,"602 Clear Washington, Felsenthal, VT 79175",281,704-297-0563,0,No comment
282,demo282,sample,"418 Honey Skyway, August, MA 55725",282,427-863-5902,0,No comment
283,demo283,sample,"P.O. Box 73828, Glenn Heights, NY 10856",283,810-014-8426,0,No comment
284,demo284,sample,"723 Velvet Center, Standard village, IN 96419",284,867-923-1886,0,No comment
285,demo285,sample,"226 Fallen View Canyon, Norlina, TN 6068",285,479-460-9797,0,No comment
286,demo286,sample,"438 W Center, Starrucca borough, IA 76577",286,324-308-6045,0,No comment
287,demo287,sample,"P.O. Box 61240, Onslow, AZ 65173",287,344-474-8718,0,No comment
288,demo288,sample,"185 Thunder Essex, Vernonia, MO 44386",288,219-693-1272,0,No comment
289,demo289,sample,"937 Easy Circle, Paradise Valley, WI 32393",289,778-572-0629,0,No comment
290,demo290,sample,"P.O. Box 56810, West Athens, WV 44794",290,765-051-8421,0,No comment
291,demo291,sample,"574 Fifth Valley, Gower, VA 34032",291,761-769-4528,0,No comment
292,demo292,sample,"P.O. Box 85918, Terramuggus, VA 76202",292,472-763-6908,0,No comment
293,demo293,sample,"482 Little Crest, Mexico village, CT 17828",293,385-520-0572,0,No comment
294,demo294,sample,"868 Velvet Goose, Leshara village, WA 86465",294,568-585-8229,0,No comment
295,demo295,sample,"P.O. Box 70054, Upper Lake, UT 70873",295,715-105-5177,0,No comment
296,demo296,sample,"179 Shady Well Stead, Allendale, MT 36047",296,479-572-0692,0,No comment
297,demo297,sample,"189 NE Alley, Dedham, CO 68642",297,811-259-8234,0,No comment
298,demo298,sample,"74 Amber Blossom Cove, Kilbourne village, MN 44593",298,815-416-7679,0,No comment
299,demo299,sample,"71 Clear Robin Village, Palmyra borough, NH 41409",299,945-951-6946,0,No comment
300,demo300,sample,"584 Little Edge, Dumas, CT 29454",300,653-993-6804,0,No comment
301,demo301,sample,"404 Pleasant Fair, Durbin, DE 33645",301,586-252-9922,0,No comment
302,demo302,sample,"173 Golden Hickory, Rodeo, AL 86394",302,687-487-8321,0,No comment
303,demo303,sample,"60 Essex Crossing, Whitesburg, IL 72841",303,273-307-9268,0,No comment
304,demo304,sample,"623 N Dale Mill, South Bend, WI 87967",304,208-169-0098,0,No comment
305,demo305,sample,"78 Quiet Leaf Terrace, Natchez, GA 38368",305,473-695-5473,0,No comment
306,demo306,sample,"551 Island Throughway, Honaker, RI 23432",306,355-556-4527,0,No comment
307,demo307,sample,"P.O. Box 19626, Heller borough, CO 26539",307,473-058-1367,0,No comment
308,demo308,sample,"268 Rocky Rest, Peninsula village, MD 3035",308,752-721-8514,0,No comment
309,demo309,sample,"336 Merry Main, Roxboro, WY 29194",309,810-308-0834,0,No comment
310,demo310,sample,"189 Rocky Freeway, Winterhaven, TN 44421",310,629-018-0048,0,No comment
311,demo311,sample,"248 Dale Pass, De Valls Bluff, CT 6930",311,734-641-5091,0,No comment
312,demo312,sample,"P.O. Box 16470, Terramuggus, OH 58500",312,241-796-0780,0,No comment
313,demo313,sample,"54 Quaking Sky Crossing, Plymouth, IN 14981",313,980-081-7670,0,No comment
314,demo314,sample,"370 Merry Center, Saco, KY 42784",314,617-257-3299,0,No comment
315,demo315,sample,"P.O. Box 99813, Shinnston, NE 72121",315,481-038-2495,0,No comment
316,demo316,sample,"333 Gentle Prairie Land, Lipan, DE 43863",316,382-181-8620,0,No comment
317,demo317,sample,"P.O. Box 75545, Vanderbilt, IL 25785",317,368-875-2413,0,No comment
318,demo318,sample,"887 Noble Richmond, Hurricane, OR 87092",318,955-024-0269,0,No comment
319,demo319,sample,"896 Dewy Blossom, Madera Acres, NJ 2283",319,213-122-8000,0,No comment
320,demo320,sample,"238 Bright Rest Glade, Avonmore borough, HI 71471",320,502-566-9726,0,No comment
321,demo321,sample,"441 Hidden Common, Hazardville, UT 8051",321,552-429-9292,0,No comment
322,demo322,sample,"P.O. Box 87420, Copperopolis, KS 93107",322,980-509-3349,0,No comment
323,demo323,sample,"815 Cedar Berry, Royal Pines, ME 28172",323,382-801-0313,0,No comment
324,demo324,sample,"832 Cotton Common Square, Van Horne, SC 21815",324,662-189-9079,0,No comment
325,demo325,sample,"P.O. Box 72866, Pindall, AZ 37612",325,410-810-5753,0,No comment
326,demo326,sample,"570 Shady Hollow, Cherryville, KY 53547",326,643-556-0554,0,No comment
327,demo327,sample,"260 Cotton Glen, Altoona, MA 68954",327,939-574-6270,0,No comment
328,demo328,sample,"997 Red Squaw Glade, Valley Springs, OH 88640",328,204-743-6395,0,No comment
329,demo329,sample,"P.O. Box 93655, Falcon Mesa, NC 98681",329,577-429-4111,0,No comment
330,demo330,sample,"407 Stony Squaw Stead, Antigo, NV 1645",330,469-070-5980,0,No comment
331,demo331,sample,"973 NW Overpass, S.N.P.J. borough, IN 12678",331,300-917-7132,0,No comment
332,demo332,sample,"329 Broad Perkins, Enumclaw, WV 99092",332,665-525-8573,0,No comment
333,demo333,sample,"346 Emerald Bear Bay, Sabin, OK 85183",333,915-609-5076,0,No comment
334,demo334,sample,"304 Green Nook, Amalga, CT 11875",334,866-882-2906,0,No comment
335,demo335,sample,"657 Dusty Creek Inlet, Alexander village, NJ 6081",335,523-019-4453,0,No comment
336,demo336,sample,"111 Silent Stream, Riverdale, NY 11635",336,375-354-2731,0,No comment
337,demo337,sample,"59 Wintergreen Drive, Gilcrest, MN 25455",337,934-154-6856,0,No comment
338,demo338,sample,"791 Silver Dale Street, Bull Run, GA 45696",338,307-735-9999,0,No comment
339,demo339,sample,"P.O. Box 22453, Deport, WV 294",339,244-680-5783,0,No comment
340,demo340,sample,"P.O. Box 79488, Fenton village, MN 39426",340,947-493-1051,0,No comment
341,demo341,sample,"743 Middle Fifth Highlands, Richton, AZ 7562",341,455-717-2637,0,No comment
342,demo342,sample,"P.O. Box 48060, Minor Lane Heights, IL 33347",342,326-874-7767,0,No comment
343,demo343,sample,"65 Jagged Mission, Wendover, MD 50618",343,277-168-0376,0,No comment
344,demo344,sample,"120 Silver Barn, West Miami, DE 48758",344,368-911-1200,0,No comment
345,demo345,sample,"772 Wishing Estate, Jacob, NV 21727",345,323-135-0637,0,No comment
346,demo346,sample,"944 Rocky Sixth Chase, Annabella, MI 30474",346,831-642-9652,0,No comment
347,demo347,sample,"P.O. Box 88808, Chevy Chase, MI 27048",347,429-997-0633,0,No comment
348,demo348,sample,"109 Golden Camp, Naches, NY 92594",348,922-263-9175,0,No comment
349,demo349,sample,"158 River Alley, Federal Way, NM 30273",349,289-178-8711,0,No comment
350,demo350,sample,"954 Cedar Bridge, Cary, KY 79034",350,328-044-4346,0,No comment
351,demo351,sample,"P.O. Box 65532, Warm Beach, NJ 12650",351,568-241-4064,0,No comment
352,demo352,sample,"P.O. Box 79961, Richmond Hill, MT 46014",352,683-025-2675,0,No comment
353,demo353,sample,"248 Middle Cliff, Miller Landing, NC 52237",353,354-138-6870,0,No comment
354,demo354,sample,"397 Rustic Throughway, Waxahachie, VA 5525",354,310-713-3651,0,No comment
355,demo355,sample,"159 Gentle Wintergreen, Diamond Ridge, KY 73146",355,317-400-0615,0,No comment
356,demo356,sample,"P.O. Box 30889, Haynesville, MI 21941",356,761-117-3676,0,No comment
357,demo357,sample,"588 Broad Underpass, Glenn Heights, WV 20626",357,344-252-8240,0,No comment
358,demo358,sample,"268 Umber Fork Haven, Winfield village, ND 5344",358,567-318-3151,0,No comment
359,demo359,sample,"867 SW Eighth, Elk Point, SC 2594",359,748-205-4141,0,No comment
360,demo360,sample,"114 Tawny Island Arcade, Maywood village, UT 55082",360,881-656-8714,0,No comment
361,demo361,sample,"226 Crystal Rest Skyway, Hawaiian Acres, DE 76578",361,725-223-7298,0,No comment
362,demo362,sample,"P.O. Box 80524, Spring Valley, SC 45888",362,427-893-5191,0,No comment
363,demo363,sample,"209 Pine Highlands, Ottertail, NH 61430",363,362-985-2734,0,No comment
364,demo364,sample,"205 Sleepy Valley, Tunica, CA 42828",364,586-949-5252,0,No comment
365,demo365,sample,"604 Wagon Junction, Altha, VA 69599",365,982-820-5843,0,No comment
366,demo366,sample,"339 Crystal Dale, Asbury Lake, VA 20367",366,306-010-2441,0,No comment
367,demo367,sample,"199 Wishing Pond, Big Pine, WY 11223",367,464-990-3594,0,No comment
368,demo368,sample,"P.O. Box 57787, Grampian borough, UT 39785",368,365-786-2750,0,No comment
369,demo369,sample,"P.O. Box 52621, Indian River, WY 31971",369,649-986-9332,0,No comment
370,demo370,sample,"272 Grand Apple, Kill Devil Hills, SC 3803",370,684-647-8708,0,No comment
371,demo371,sample,"380 Dewy Squaw, Godfrey Road, AK 42863",371,647-877-5549,0,No comment
372,demo372,sample,"P.O. Box 12464, Warrenville, OH 38243",372,322-798-5160,0,No comment
373,demo373,sample,"691 Quiet Squaw, North Irwin borough, IN 75540",373,932-846-1739,0,No comment
374,demo374,sample,"P.O. Box 22311, Bethlehem, KS 15835",374,917-778-1183,0,No comment
375,demo375,sample,"450 Harvest Overpass, Halfway village, AR 16541",375,622-661-9189,0,No comment
376,demo376,sample,"500 Honey Ford Boulevard, Valley Center, AZ 9972",376,565-708-2222,0,No comment
377,demo377,sample,"115 Seventh Corner, Eureka Mill, CO 49973",377,401-708-5129,0,No comment
378,demo378,sample,"763 S Loaf, Seabrook Island, NJ 13454",378,411-917-6167,0,No comment
379,demo379,sample,"122 Red Pike, Holcomb, RI 50384",379,606-020-4432,0,No comment
380,demo380,sample,"42 Noble Ferry Woods, Bristol borough, DE 57280",380,560-634-6161,0,No comment
381,demo381,sample,"998 Oak Tunnel, Church Rock, AK 6926",381,517-025-4169,0,No comment
382,demo382,sample,"P.O. Box 13448, Lewisville village, ME 83234",382,821-720-3059,0,No comment
383,demo383,sample,"196 Red Barn, Mount Dora, AZ 77023",383,642-875-5682,0,No comment
384,demo384,sample,"459 Bright Grove, Chignik Lagoon, GA 49704",384,508-405-9568,0,No comment
385,demo385,sample,"335 Fourth Key, Goodell, NJ 37183",385,759-494-3123,0,No comment
386,demo386,sample,"P.O. Box 58776, Golden Lakes, AL 73373",386,952-004-2952,0,No comment
387,demo387,sample,"164 Easy Nectar Pass, Little America, OR 11918",387,708-937-0323,0,No comment
388,demo388,sample,"257 Noble Boulevard, Montevallo, VA 26820",388,377-281-2180,0,No comment
389,demo389,sample,"679 Timber Place, Richburg village, OR 15983",389,885-337-5646,0,No comment
390,demo390,sample,"483 Hidden Light Track, Kensington Park, WI 67640",390,359-739-3768,0,No comment
391,demo391,sample,"60 Crystal Key, Cabin John, SC 12483",391,214-050-5973,0,No comment
392,demo392,sample,"417 Umber Avenue, Braswell, ID 79803",392,706-373-6316,0,No comment
393,demo393,sample,"811 Perkins Woods, Olmito, AR 53069",393,881-504-9606,0,No comment
394,demo394,sample,"389 Tawny Anchor, Turney village, WI 83960",394,426-205-1636,0,No comment
395,demo395,sample,"942 Easy Land, Cuba village, ND 99790",395,319-761-2219,0,No comment
396,demo396,sample,"845 Honey Vale, Pacific, HI 51766",396,378-916-0922,0,No comment
397,demo397,sample,"884 Panda Row, St. Albans, CA 40038",397,882-670-6302,0,No comment
398,demo398,sample,"331 SE Lodge, Wesleyville borough, LA 18625",398,858-521-8749,0,No comment
399,demo399,sample,"613 Gentle Leaf Dam, Reader, SC 90633",399,653-674-9571,0,No comment
400,demo400,sample,"P.O. Box 61523, Ronneby, FL 24361",400,304-745-5421,0,No comment
401,demo401,sample,"536 Velvet Gate, El Jebel, VA 87531",401,702-535-0574,0,No comment
402,demo402,sample,"422 Grand Seventh Parkway, Coal Grove village, WY 79064",402,319-351-6777,0,No comment
403,demo403,sample,"631 NE Rise, Dewey-Humboldt, GA 21746",403,921-759-8098,0,No comment
404,demo404,sample,"129 Cedar Port, Archer, HI 67466",404,363-739-5389,0,No comment
405,demo405,sample,"207 Noble Road, Roosevelt borough, MD 86757",405,485-564-1532,0,No comment
406,demo406,sample,"986 Silver Corner, Springer, NC 15002",406,281-569-8817,0,No comment
407,demo407,sample,"P.O. Box 56222, Gainesville, CA 2785",407,622-392-7143,0,No comment
408,demo408,sample,"594 Dewy Horse, Wamic, ME 91740",408,953-228-7430,0,No comment
409,demo409,sample,"773 NW Grove, Clayton village, HI 46356",409,489-699-5169,0,No comment
410,demo410,sample,"5 Sleepy Knoll, Myers borough, ME 81528",410,781-904-2675,0,No comment
411,demo411,sample,"68 Bright Butterfly, Amity Gardens, ID 8737",411,268-724-3810,0,No comment
412,demo412,sample,"254 E Main Cove, Lely Resort, OK 45512",412,481-782-5561,0,No comment
413,demo413,sample,"947 Silent Elk, East Patchogue, TN 62060",413,482-552-9553,0,No comment
414,demo414,sample,"528 Cinder Gate Trace, Tierra Verde, IN 46149",414,607-670-9401,0,No comment
415,demo415,sample,"481 Bright Annex, Chilchinbito, IL 36465",415,654-437-1187,0,No comment
416,demo416,sample,"772 Foggy Fourth, Rowlesburg, IL 39679",416,935-898-1656,0,No comment
417,demo417,sample,"307 Red Apple, Rocky Ripple, FL 99366",417,873-337-4028,0,No comment
418,demo418,sample,"331 Treasure Underpass, Livermore, NE 47026",418,906-224-7772,0,No comment
419,demo419,sample,"557 Red Common, La Puebla, IL 43100",419,734-170-6549,0,No comment
420,demo420,sample,"290 Peavey Chase, North Ogden, UT 80345",420,573-389-4299,0,No comment
421,demo421,sample,"222 Velvet Squaw, Irondale, ND 9552",421,663-098-9004,0,No comment
422,demo422,sample,"P.O. Box 84872, Wading River, IL 93152",422,252-247-9657,0,No comment
423,demo423,sample,"P.O. Box 20838, Souderton borough, ND 14135",423,308-705-5065,0,No comment
424,demo424,sample,"P.O. Box 15566, Quail Valley, CO 65560",424,369-425-5793,0,No comment
425,demo425,sample,"824 Camp Place, Aviston village, DE 15304",425,336-303-4383,0,No comment
426,demo426,sample,"964 NE Land, La Barge, TN 67091",426,786-275-2730,0,No comment
427,demo427,sample,"358 Fort Cove, Larwill, HI 6419",427,558-446-2290,0,No comment
428,demo428,sample,"874 Cedar Leaf Row, Vinita, IA 86685",428,566-757-6299,0,No comment
429,demo429,sample,"488 Branch Drive, Closter borough, NJ 90464",429,371-566-3782,0,No comment
430,demo430,sample,"P.O. Box 69315, Buckman, WA 54413",430,855-501-8383,0,No comment
431,demo431,sample,"P.O. Box 51827, Poynor, OR 98342",431,824-098-4773,0,No comment
432,demo432,sample,"515 Sleepy Light Avenue, North Scituate, MD 62779",432,434-722-1867,0,No comment
433,demo433,sample,"271 Jagged Port, Galliano, PA 8431",433,843-600-9175,0,No comment
434,demo434,sample,"979 Pleasant Gate, Marathonvillage, NJ 40941",434,744-609-5602,0,No comment
435,demo435,sample,"422 Elm Mews, Cordes Lakes, CO 46745",435,447-038-2912,0,No comment
436,demo436,sample,"128 Indian Richmond Parade, Knik-Fairview, SC 57630",436,200-261-1706,0,No comment
437,demo437,sample,"154 Little Loaf Lane, Mount Enterprise, NJ 38118",437,820-443-3342,0,No comment
438,demo438,sample,"735 Pleasant Mountain, Horace, IL 33706",438,919-383-0492,0,No comment
439,demo439,sample,"P.O. Box 11676, Withee village, CO 38931",439,933-714-4951,0,No comment
440,demo440,sample,"494 Wishing First, Bend, WY 93340",440,957-708-8741,0,No comment
441,demo441,sample,"376 S Fork Bridge, Weeki Wachee, NM 60312",441,985-777-8570,0,No comment
442,demo442,sample,"902 Bright Spring Heights, Ormond-By-The-Sea, IA 24469",442,256-107-5009,0,No comment
443,demo443,sample,"799 E Fox Highway, Briar Creek borough, NC 49223",443,455-871-1544,0,No comment
444,demo444,sample,"900 Wagon Oval, Frankford, MA 28938",444,407-908-2386,0,No comment
445,demo445,sample,"915 High Prairie Extension, Murraysville, NV 41146",445,731-462-8527,0,No comment
446,demo446,sample,"P.O. Box 78054, Natalbany, MT 47413",446,820-161-4683,0,No comment
447,demo447,sample,"527 Hill Street, Tescott, LA 58136",447,774-585-6189,0,No comment
448,demo448,sample,"932 Easy Branch Path, Kings Mountain, OK 86553",448,270-623-4988,0,No comment
449,demo449,sample,"93 Rustic Pioneer, Bayonne, SC 63699",449,249-523-8690,0,No comment
450,demo450,sample,"610 Thunder Corner, Clearview Acres, WV 36117",450,206-373-3038,0,No comment
451,demo451,sample,"924 Dusty Corner, Junctionvillage, OH 31812",451,424-304-1351,0,No comment
452,demo452,sample,"429 Squaw Hollow, Robertsdale, OK 72906",452,561-514-6055,0,No comment
453,demo453,sample,"10 Silent Apple Glade, West Goshen, AK 92450",453,282-439-8968,0,No comment
454,demo454,sample,"33 Shadow Square, Peeples Valley, NV 60380",454,440-766-1408,0,No comment
455,demo455,sample,"998 NW Land, Custer village, AL 51569",455,536-451-1766,0,No comment
456,demo456,sample,"687 Pleasant Elk Crest, Essexville, NH 35450",456,727-760-7646,0,No comment
457,demo457,sample,"P.O. Box 68559, Madera Acres, UT 39354",457,950-059-1990,0,No comment
458,demo458,sample,"195 Colonial Grove, Simmesport, VT 96375",458,250-696-1277,0,No comment
459,demo459,sample,"76 Sleepy Spur, Green Grass, NV 74297",459,533-600-7319,0,No comment
460,demo460,sample,"715 Jagged Arcade, Indian Shores, MD 89754",460,283-724-5159,0,No comment
461,demo461,sample,"368 Cliff Plain, Smithville, UT 96365",461,934-121-5899,0,No comment
462,demo462,sample,"163 Lost Pond Oval, Louise, NJ 58191",462,404-634-3153,0,No comment
463,demo463,sample,"P.O. Box 65603, McLoud, MD 38450",463,761-210-0935,0,No comment
464,demo464,sample,"763 Umber Rabbit, Hopewell village, HI 66673",464,437-193-0269,0,No comment
465,demo465,sample,"714 Little Dell, Destrehan, TN 40332",465,561-502-5686,0,No comment
466,demo466,sample,"P.O. Box 40875, Ponchatoula, GA 50014",466,704-571-8268,0,No comment
467,demo467,sample,"199 Squaw Radial, Hallock, MD 25066",467,370-727-7110,0,No comment
468,demo468,sample,"907 Lazy Bend, Cedar Point village, WA 31408",468,546-558-2326,0,No comment
469,demo469,sample,"362 S Sixth, Hoskins village, OR 4098",469,613-897-3841,0,No comment
470,demo470,sample,"211 Honey Bend, Carnuel, TN 77708",470,386-667-3582,0,No comment
471,demo471,sample,"709 Umber Forge, Valley Hill, MT 10768",471,855-258-6156,0,No comment
472,demo472,sample,"48 Bright Wagon, Cross, KY 4422",472,825-818-0895,0,No comment
473,demo473,sample,"325 Silent Deer Nook, Kinsey, CO 53353",473,440-088-7352,0,No comment
474,demo474,sample,"301 Honey Timber, Casselton, CO 42685",474,711-840-0570,0,No comment
475,demo475,sample,"P.O. Box 95458, Waverly Hall, NE 38500",475,945-785-5061,0,No comment
476,demo476,sample,"325 Shady Dam, Mathews, MO 36771",476,320-750-8280,0,No comment
477,demo477,sample,"440 Ranch Mews, Vincent, GA 69726",477,777-623-6396,0,No comment
478,demo478,sample,"651 Amber Place, Nitro, NM 11500",478,210-477-9642,0,No comment
479,demo479,sample,"839 Misty Peavey, Lake Lindsey, GA 78561",479,774-616-3584,0,No comment
480,demo480,sample,"732 Golden Bypass, Orangeville village, GA 17619",480,827-958-5686,0,No comment
481,demo481,sample,"842 Indian Fort Beach, Wilmore, WY 31563",481,227-715-7625,0,No comment
482,demo482,sample,"507 Cedar Grove, Harbine village, DE 99570",482,816-131-9977,0,No comment
483,demo483,sample,"544 NW Lawn, Macedonia village, IL 23460",483,462-053-4993,0,No comment
484,demo484,sample,"78 Hazy Terrace, Lovelady, CA 22917",484,831-380-8729,0,No comment
485,demo485,sample,"532 Middle Union, Redwood, LA 55399",485,456-757-2385,0,No comment
486,demo486,sample,"383 Wintergreen Crest, Fitchburg, CT 75198",486,885-223-7095,0,No comment
487,demo487,sample,"422 Burning Forge, Liberty village, ND 7156",487,615-002-7935,0,No comment
488,demo488,sample,"565 Pleasant Valley, Richmond West, IN 71611",488,546-513-7061,0,No comment
489,demo489,sample,"38 SW Club, Troy Grove village, HI 53521",489,419-576-2381,0,No comment
490,demo490,sample,"299 NE Squaw Mill, Between, IA 16868",490,656-680-2472,0,No comment
491,demo491,sample,"628 Deer Glen, Saline, MN 53120",491,739-878-5051,0,No comment
492,demo492,sample,"910 Blue Fork Pass, Mauckport, TN 12298",492,211-279-1309,0,No comment
493,demo493,sample,"745 Round End, Tyndall, NY 86687",493,686-919-9568,0,No comment
494,demo494,sample,"570 Merry Farms, Cowlington, TN 7007",494,485-762-6484,0,No comment
495,demo495,sample,"221 Velvet Mission Acres, Squaw Valley, MN 58694",495,768-390-4913,0,No comment
496,demo496,sample,"P.O. Box 76056, Accord, IA 66422",496,202-636-0410,0,No comment
497,demo497,sample,"421 Rocky Summit, Montebello, WA 54783",497,668-934-6806,0,No comment
498,demo498,sample,"163 W Cider Ridge, St. Leo, SD 50045",498,431-510-8628,0,No comment
499,demo499,sample,"804 Gentle Light, Dickson, NV 36947",499,200-409-6480,0,No comment
500,demo500,sample,"961 Camp Stead, Moro, NY 64770",500,468-705-5930,0,No comment
501,demo501,sample,"P.O. Box 32052, Hudson Bend, DE 78046",501,489-090-5992,0,No comment
502,demo502,sample,"62 Hazy Butterfly, Monette, WY 65597",502,975-153-5977,0,No comment
503,demo503,sample,"393 Emerald Bend, Sycamore village, ND 74889",503,227-880-4346,0,No comment
504,demo504,sample,"50 Indian Pony, Edgard, MA 82402",504,405-993-8985,0,No comment
505,demo505,sample,"233 Harvest Quay, Laramie, OH 58806",505,956-953-2124,0,No comment
506,demo506,sample,"P.O. Box 50451, Cedar Crest, NJ 85925",506,778-436-9179,0,No comment
507,demo507,sample,"499 Circle Bridge, Back Mountain, OH 53254",507,506-844-0181,0,No comment
508,demo508,sample,"138 Kennedy Square, Colton, ID 76125",508,862-697-8695,0,No comment
509,demo509,sample,"91 Cozy View Route, Windsor, PA 86780",509,638-441-7570,0,No comment
510,demo510,sample,"38 SE Union, Brundage, UT 16725",510,866-222-3087,0,No comment
511,demo511,sample,"460 Harvest Estate, Faith, MN 33885",511,368-750-9488,0,No comment
512,demo512,sample,"862 Harvest Elm Place, Springville village, NJ 29450",512,280-034-7510,0,No comment
513,demo513,sample,"662 Foggy Willow Skyway, Moreno Valley, MI 81169",513,875-300-1611,0,No comment
514,demo514,sample,"790 Lagoon Orchard, Eutawville, ND 70617",514,216-613-4213,0,No comment
515,demo515,sample,"281 Anchor Underpass, Blandville, LA 94573",515,838-730-9976,0,No comment
516,demo516,sample,"547 SW Ramp, Summerland, AK 13946",516,438-631-9663,0,No comment
517,demo517,sample,"324 Wishing Vista, Paintsville, NM 8783",517,287-732-2037,0,No comment
518,demo518,sample,"644 Silver Elm Bend, Miami Beach, MD 5115",518,881-094-3554,0,No comment
519,demo519,sample,"828 Sleepy Circle, Murray Hill, SC 66482",519,908-829-0266,0,No comment
520,demo520,sample,"P.O. Box 37071, Hedwig Village, DE 65150",520,253-130-8209,0,No comment
521,demo521,sample,"719 Ninth Ledge, Mentor, CT 35083",521,222-377-8065,0,No comment
522,demo522,sample,"654 Rustic Berry Plain, St. Vincent, ME 8225",522,906-264-6413,0,No comment
523,demo523,sample,"405 Red Ledge, Forest Park village, NJ 81516",523,467-989-3095,0,No comment
524,demo524,sample,"509 Light Acres, Davisboro, ME 58631",524,730-421-8513,0,No comment
525,demo525,sample,"493 Bright Cider Divide, Lorenzo, VT 55777",525,758-320-5604,0,No comment
526,demo526,sample,"673 Fallen Oak Orchard, Crystal, NY 78381",526,606-458-1091,0,No comment
527,demo527,sample,"418 Circle Pathway, Kykotsmovi Village, PA 6880",527,680-852-9942,0,No comment
528,demo528,sample,"553 Bright Quail Chase, Wolbach village, NC 5338",528,605-614-3810,0,No comment
529,demo529,sample,"753 Wall Driveway, Wind Lake, GA 89094",529,859-297-5415,0,No comment
530,demo530,sample,"522 Wishing Oak, Lancaster Mill, VT 70328",530,870-413-0563,0,No comment
531,demo531,sample,"706 Gentle Heights, Spring Creek, NC 26858",531,542-737-9575,0,No comment
532,demo532,sample,"P.O. Box 24537, Kicking Horse, DE 79911",532,404-369-5026,0,No comment
533,demo533,sample,"477 Perkins Radial, Newman Grove, MD 81252",533,758-503-4154,0,No comment
534,demo534,sample,"849 Noble Island Key, Hartville, WV 42177",534,656-821-5680,0,No comment
535,demo535,sample,"186 Dusty Club Nook, Memphis village, WA 45323",535,619-868-2578,0,No comment
536,demo536,sample,"258 E Isle, Silverdale borough, MO 77495",536,405-540-8253,0,No comment
537,demo537,sample,"501 Light Tunnel, Ochlocknee, CT 71099",537,459-620-7479,0,No comment
538,demo538,sample,"P.O. Box 19681, Bushyhead, TX 5845",538,711-307-2785,0,No comment
539,demo539,sample,"390 Foggy Expressway, Labish Village, WA 7115",539,383-703-8555,0,No comment
540,demo540,sample,"714 Main Throughway, Long Grove village, MS 37116",540,774-995-7867,0,No comment
541,demo541,sample,"837 Quiet Third, Orderville, AZ 94630",541,766-647-8301,0,No comment
542,demo542,sample,"119 Misty Stream Edge, Nicholls, ND 2620",542,964-438-9855,0,No comment
543,demo543,sample,"P.O. Box 40357, East Millcreek, MS 1127",543,460-217-3900,0,No comment
544,demo544,sample,"492 Pleasant Beach, Tonalea, CT 70758",544,206-001-0052,0,No comment
545,demo545,sample,"P.O. Box 46004, Kwethluk, OK 91521",545,687-340-2426,0,No comment
546,demo546,sample,"P.O. Box 42428, Fronton, VA 20726",546,961-802-7252,0,No comment
547,demo547,sample,"851 Hidden Highlands, Youngwood borough, NH 62145",547,868-643-1473,0,No comment
548,demo548,sample,"546 Thunder Pond, Hudson Bend, TX 90630",548,706-098-7979,0,No comment
549,demo549,sample,"191 Fork Motorway, Grinnell, NY 37423",549,901-621-6624,0,No comment
550,demo550,sample,"308 Wintergreen Point, Wibaux, DE 93793",550,333-989-7477,0,No comment
551,demo551,sample,"P.O. Box 78946, Centerfield, NY 81106",551,537-930-9926,0,No comment
552,demo552,sample,"861 N Loaf Walk, Claremore, WA 99961",552,584-603-7160,0,No comment
553,demo553,sample,"898 Silver Lock, Five Points, WI 17039",553,336-783-2116,0,No comment
554,demo554,sample,"615 Common Vale, Hastings borough, VT 96769",554,641-325-1846,0,No comment
555,demo555,sample,"130 Camp Arcade, Sutton-Alpine, CO 77584",555,903-816-8908,0,No comment
556,demo556,sample,"680 Red Berry Narrow, Malta, VA 80505",556,620-136-3505,0,No comment
557,demo557,sample,"517 Old Gardens, Laguna Niguel, ID 19678",557,272-204-9120,0,No comment
558,demo558,sample,"P.O. Box 78871, New Home, UT 55581",558,815-474-2410,0,No comment
559,demo559,sample,"192 Clear Alley, Tolono village, WI 30867",559,424-574-2430,0,No comment
560,demo560,sample,"312 Squaw Avenue, Irene, PA 26534",560,755-828-6801,0,No comment
561,demo561,sample,"683 Indian End, Lakeshire, NV 12042",561,315-244-1573,0,No comment
562,demo562,sample,"996 Merry Sixth, Fort Deposit, HI 30556",562,640-800-6084,0,No comment
563,demo563,sample,"495 Honey Row, Motley, ND 39581",563,455-968-7127,0,No comment
564,demo564,sample,"373 Broad Sixth, Farley, KY 32423",564,727-657-4964,0,No comment
565,demo565,sample,"418 NE Fourth, Johnsonburg borough, ND 97946",565,950-858-8143,0,No comment
566,demo566,sample,"859 Umber Camp Motorway, Friendly, ME 30674",566,557-507-5997,0,No comment
567,demo567,sample,"741 Golden Kennedy, Dungannon, NH 6483",567,673-252-7712,0,No comment
568,demo568,sample,"732 Thunder Lodge Station, Kenbridge, NJ 9814",568,220-434-6003,0,No comment
569,demo569,sample,"436 Easy Pioneer, Hendersonville, RI 16699",569,715-209-8803,0,No comment
570,demo570,sample,"943 Dewy Wintergreen Crossing, Casey, MD 52017",570,835-215-9305,0,No comment
571,demo571,sample,"302 High Forest Haven, Buckland village, NJ 48909",571,738-035-9355,0,No comment
572,demo572,sample,"P.O. Box 78581, Carnegie borough, AL 12633",572,967-503-7625,0,No comment
573,demo573,sample,"P.O. Box 38181, Walnut Ridge, MO 88354",573,805-956-2476,0,No comment
574,demo574,sample,"P.O. Box 76338, Clyman village, CO 13101",574,375-672-8415,0,No comment
575,demo575,sample,"287 Ironwood Skyway, Roseville borough, KS 74227",575,844-096-3907,0,No comment
576,demo576,sample,"427 Well Union, Fair Bluff, FL 62535",576,539-536-0679,0,No comment
577,demo577,sample,"875 Foggy Stream Route, Glendora village, MO 6357",577,817-515-3961,0,No comment
578,demo578,sample,"320 Gentle Mall Land, Meadville, NJ 27999",578,802-227-2255,0,No comment
579,demo579,sample,"608 Dewy Crossroad, Redan, ID 44375",579,372-634-4526,0,No comment
580,demo580,sample,"540 Old Pathway, Wauwatosa, TN 61269",580,472-394-5115,0,No comment
581,demo581,sample,"484 Foggy Inlet, Kenhorst borough, MS 14577",581,434-001-3824,0,No comment
582,demo582,sample,"432 Harvest Kennedy, Thiells, AR 4018",582,363-881-4999,0,No comment
583,demo583,sample,"790 Crystal Fork, Waipio Acres, KY 56224",583,983-559-5179,0,No comment
584,demo584,sample,"433 Cloud Route, Stamford village, OR 76509",584,884-258-9300,0,No comment
585,demo585,sample,"115 Bright Perkins, Kendall, NE 35880",585,361-665-2932,0,No comment
586,demo586,sample,"656 Hazy Prairie Haven, Colmar Manor, TN 82738",586,374-538-0304,0,No comment
587,demo587,sample,"562 Dusty Boulevard, Woodlawn Heights, OH 6319",587,247-005-3162,0,No comment
588,demo588,sample,"P.O. Box 49960, Retreat, AK 83269",588,819-624-6650,0,No comment
589,demo589,sample,"P.O. Box 31340, Fox, RI 17521",589,678-585-0491,0,No comment
590,demo590,sample,"P.O. Box 14639, Indian Hills, AL 75641",590,719-238-5125,0,No comment
591,demo591,sample,"138 Little Quail Manor, Kodiak Station, MA 28042",591,450-331-4212,0,No comment
592,demo592,sample,"162 Lodge Jetty, Yates Center, AR 88871",592,434-879-4571,0,No comment
593,demo593,sample,"738 Lake Key, Mayo, IN 55206",593,237-621-2961,0,No comment
594,demo594,sample,"668 Velvet Eighth, Friendly, GA 25508",594,667-868-2812,0,No comment
595,demo595,sample,"890 Hidden Fourth, Burkburnett, AZ 96877",595,227-801-8387,0,No comment
596,demo596,sample,"296 Umber Shadow Edge, Wewoka, NM 98296",596,745-270-4681,0,No comment
597,demo597,sample,"893 Harvest Course, Ingalls, HI 17516",597,403-549-4009,0,No comment
598,demo598,sample,"897 Jagged Flat, Hypoluxo, WI 12866",598,524-206-4172,0,No comment
599,demo599,sample,"315 Cotton Quail Station, Menahga, MA 79378",599,767-255-1915,0,No comment
600,demo600,sample,"995 Crescent Port, Norris, NC 18306",600,329-763-7329,0,No comment
601,demo601,sample,"33 Wishing Canyon, Spring Lake village, TX 56174",601,784-251-1999,0,No comment
602,demo602,sample,"P.O. Box 94392, Alburg village, MI 74277",602,826-000-4847,0,No comment
603,demo603,sample,"703 Wall Meadow, Matoaka, AR 17614",603,827-511-1582,0,No comment
604,demo604,sample,"533 Rest Driveway, Braymer, FL 41131",604,312-183-1192,0,No comment
605,demo605,sample,"704 Rocky Dam, Botkins village, OH 76384",605,481-234-5628,0,No comment
606,demo606,sample,"P.O. Box 49742, Chappell, NE 16044",606,607-995-3583,0,No comment
607,demo607,sample,"768 Bluff Woods, Grantsburg village, DE 56469",607,948-014-4929,0,No comment
608,demo608,sample,"704 Wagon Bend, Chualar, PA 69474",608,848-514-3652,0,No comment
609,demo609,sample,"100 Dusty Lock Pass, Thornwood, FL 40811",609,658-535-8878,0,No comment
610,demo610,sample,"P.O. Box 59675, Forest Hill, IA 48530",610,444-037-0543,0,No comment
611,demo611,sample,"P.O. Box 41195, Matfield Green, KY 27272",611,574-641-0638,0,No comment
612,demo612,sample,"811 Gate Shore, Gilbert village, HI 45634",612,740-914-7949,0,No comment
613,demo613,sample,"85 Misty Pond, Black Springs, KS 80258",613,803-074-4886,0,No comment
614,demo614,sample,"427 NE Causeway, Bankston, IN 34982",614,472-009-0062,0,No comment
615,demo615,sample,"370 Indian Branch Street, Hartland village, NH 25018",615,302-697-1284,0,No comment
616,demo616,sample,"284 Lost Skyway, Thor, MI 1442",616,252-835-3260,0,No comment
617,demo617,sample,"923 Shady Bear Curve, White Deer, ME 17125",617,971-099-0607,0,No comment
618,demo618,sample,"24 Iron Fox, Pleasant Garden, FL 80825",618,249-909-6423,0,No comment
619,demo619,sample,"53 Velvet Stream, Shoshone, TN 41147",619,604-079-5601,0,No comment
620,demo620,sample,"139 Gate Inlet, Eclectic, AZ 73422",620,858-099-8086,0,No comment
621,demo621,sample,"P.O. Box 70914, Spearville, MA 35295",621,707-736-8078,0,No comment
622,demo622,sample,"P.O. Box 36368, Glacier, UT 58794",622,517-796-6552,0,No comment
623,demo623,sample,"486 Thunder Embers Extension, Hood River, TX 4532",623,408-953-0606,0,No comment
624,demo624,sample,"875 Honey Common, Womelsdorf borough, AK 2921",624,479-297-2692,0,No comment
625,demo625,sample,"64 River Turnpike, Walden village, UT 44240",625,319-546-4721,0,No comment
626,demo626,sample,"P.O. Box 90821, Withee village, NM 89691",626,268-727-4719,0,No comment
627,demo627,sample,"P.O. Box 54905, South Bay, NV 66393",627,237-814-1853,0,No comment
628,demo628,sample,"311 Iron Driveway, Pine Island Center, IA 28472",628,569-910-4263,0,No comment
629,demo629,sample,"618 Velvet Fourth Promenade, Kasaan, OR 20322",629,317-179-2208,0,No comment
630,demo630,sample,"473 Pond Underpass, Buford, ME 40656",630,704-681-7898,0,No comment
631,demo631,sample,"P.O. Box 86998, Harmony ship, NE 66379",631,806-548-9373,0,No comment
632,demo632,sample,"325 NE Approach, Menasha, ME 61296",632,267-107-0625,0,No comment
633,demo633,sample,"P.O. Box 44748, Burton village, AR 44392",633,227-062-6372,0,No comment
634,demo634,sample,"454 Quiet Autumn Port, Day Valley, HI 43812",634,764-885-4982,0,No comment
635,demo635,sample,"P.O. Box 61382, Lakemoor village, IL 16282",635,390-509-2356,0,No comment
636,demo636,sample,"P.O. Box 93962, Leakey, WY 93658",636,782-455-1592,0,No comment
637,demo637,sample,"346 Seventh Gardens, Keyser, CA 7853",637,607-879-1332,0,No comment
638,demo638,sample,"193 Lazy Court, Royal Oak, NY 60382",638,334-598-5418,0,No comment
639,demo639,sample,"646 Brook Path, Logan Elm Village, MA 49545",639,423-859-9798,0,No comment
640,demo640,sample,"P.O. Box 76207, Wharton, IL 40024",640,251-780-3873,0,No comment
641,demo641,sample,"485 Jagged Camp Track, Neosho, AL 13380",641,925-957-7788,0,No comment
642,demo642,sample,"847 Amber Light Trafficway, Grass Lake village, IL 40094",642,831-624-6531,0,No comment
643,demo643,sample,"P.O. Box 77126, Hopwood, OH 5647",643,334-163-3462,0,No comment
644,demo644,sample,"826 Sleepy Ford Radial, Ubly village, LA 35066",644,983-188-2228,0,No comment
645,demo645,sample,"767 Island Route, McMullen, MN 9264",645,590-970-0458,0,No comment
646,demo646,sample,"503 Pony Boulevard, East Hill-Meridian, RI 18702",646,424-289-0417,0,No comment
647,demo647,sample,"P.O. Box 94840, Hewlett, KY 30353",647,269-206-2986,0,No comment
648,demo648,sample,"674 NE Dale Ledge, England, WV 40797",648,750-995-1741,0,No comment
649,demo649,sample,"53 SW Common, Pennington, OK 47064",649,942-660-9240,0,No comment
650,demo650,sample,"784 Stony Course, Big Delta, MO 36219",650,609-744-6434,0,No comment
651,demo651,sample,"775 Fourth Stravenue, Destrehan, WV 20987",651,423-799-0083,0,No comment
652,demo652,sample,"583 Round Nectar, Hinesville, ME 39364",652,762-968-5013,0,No comment
653,demo653,sample,"827 Dusty Ranch, Grand River, RI 29611",653,963-352-4741,0,No comment
654,demo654,sample,"P.O. Box 73099, Henniker, SC 72000",654,256-144-1003,0,No comment
655,demo655,sample,"P.O. Box 38933, Scott, CA 26468",655,539-396-3803,0,No comment
656,demo656,sample,"P.O. Box 27107, Pickensville, ND 15177",656,569-171-6057,0,No comment
657,demo657,sample,"961 Colonial Lawn, De Leon Springs, MI 75200",657,912-559-7676,0,No comment
658,demo658,sample,"384 Cotton Canyon, Dousman village, OK 4075",658,960-329-3965,0,No comment
659,demo659,sample,"955 Gentle Nook, Kellogg, NE 27142",659,707-565-3267,0,No comment
660,demo660,sample,"473 Perkins Ramp, Grottoes, NJ 45091",660,853-714-9007,0,No comment
661,demo661,sample,"386 Fallen Cloud Annex, Forrestville, OK 43308",661,976-881-4705,0,No comment
662,demo662,sample,"603 E Gate, Golden, KS 74607",662,588-401-2839,0,No comment
663,demo663,sample,"P.O. Box 25592, Matoaka, CO 2034",663,917-200-4677,0,No comment
664,demo664,sample,"P.O. Box 72816, Eastpointe, KS 91474",664,815-310-3343,0,No comment
665,demo665,sample,"552 Merry Seventh, Leonard village, AR 56729",665,763-399-1715,0,No comment
666,demo666,sample,"412 Heather Loaf, Friars Point, MD 61283",666,657-928-8600,0,No comment
667,demo667,sample,"P.O. Box 32392, Cayuga village, ND 39327",667,790-765-4129,0,No comment
668,demo668,sample,"392 Lazy Motorway, Boronda, WA 68183",668,520-685-3595,0,No comment
669,demo669,sample,"P.O. Box 81728, Lake Almanor West, HI 42073",669,774-579-6348,0,No comment
670,demo670,sample,"947 Blue Swale, Reynoldsburg, IN 21932",670,864-864-6942,0,No comment
671,demo671,sample,"608 Sleepy Barn Narrow, Elk Point, FL 44938",671,546-788-2855,0,No comment
672,demo672,sample,"951 Dewy Gate, Exeter village, WA 91186",672,590-612-1572,0,No comment
673,demo673,sample,"10 Blue Panda Glen, Galeville, NY 62643",673,855-517-7211,0,No comment
674,demo674,sample,"820 Jagged Grove, Latta, MD 33633",674,411-586-0244,0,No comment
675,demo675,sample,"840 Wishing Bypass, Garrett Park, WI 51265",675,408-833-8196,0,No comment
676,demo676,sample,"737 Rocky Mill, Bullhead, MS 9232",676,382-210-4127,0,No comment
677,demo677,sample,"94 Wishing Berry Trail, Big Horn, OH 68014",677,233-084-5419,0,No comment
678,demo678,sample,"952 Heather Butterfly Bypass, Seldovia Village, WA 16366",678,911-479-5321,0,No comment
679,demo679,sample,"P.O. Box 98494, Blue Point, SC 14611",679,804-820-6789,0,No comment
680,demo680,sample,"598 Wall Road, Lathrop, AK 60824",680,255-298-8473,0,No comment
681,demo681,sample,"421 Emerald Heights, Worcester, NC 1454",681,381-684-9497,0,No comment
682,demo682,sample,"930 N Goose, Walla Walla, NV 12858",682,389-339-2124,0,No comment
683,demo683,sample,"896 Harvest Cliff, Cameron Park, NV 54654",683,915-571-1083,0,No comment
684,demo684,sample,"92 Easy Butterfly Key, Cushing village, VA 40285",684,278-621-0225,0,No comment
685,demo685,sample,"190 Colonial Goose Chase, Las Lomitas, AK 81374",685,314-580-6952,0,No comment
686,demo686,sample,"500 Clear Blossom Driveway, Canova, CA 68255",686,558-714-7997,0,No comment
687,demo687,sample,"P.O. Box 21896, Mathiston, PA 94555",687,271-658-1779,0,No comment
688,demo688,sample,"522 Gentle Knoll, Lake Telemark, TN 96331",688,845-420-1630,0,No comment
689,demo689,sample,"552 Silent Ranch Trafficway, Carver, CT 40567",689,665-781-7348,0,No comment
690,demo690,sample,"177 Jagged Heights, Buckhorn, DE 35034",690,872-448-3836,0,No comment
691,demo691,sample,"390 Beacon Junction, Grants, NJ 915",691,715-135-0271,0,No comment
692,demo692,sample,"P.O. Box 79745, Huntland, NE 65945",692,810-791-6788,0,No comment
693,demo693,sample,"597 Cinder Beacon, Warsaw village, MS 97717",693,438-289-5803,0,No comment
694,demo694,sample,"P.O. Box 89007, West Perrine, NE 15735",694,555-093-3593,0,No comment
695,demo695,sample,"P.O. Box 38924, Wilkes-Barre, MI 92622",695,321-227-4208,0,No comment
696,demo696,sample,"942 Grand Dam, Wekiwa Springs, NH 54283",696,700-752-2883,0,No comment
697,demo697,sample,"728 Fork Dam, St. Petersburg, MO 95573",697,524-399-3258,0,No comment
698,demo698,sample,"239 Rocky Third, Triana, MD 63333",698,652-746-2000,0,No comment
699,demo699,sample,"220 Colonial Branch Union, Porterville, FL 39831",699,239-338-6050,0,No comment
700,demo700,sample,"30 Amber Pike, Lenox, AZ 6688",700,340-234-1057,0,No comment
701,demo701,sample,"162 Burning Beacon Lawn, Mullinville, IL 34959",701,909-903-0455,0,No comment
702,demo702,sample,"830 Rest Throughway, Rocky Mountain, NH 83985",702,542-687-5996,0,No comment
703,demo703,sample,"P.O. Box 81832, Ooltewah, ND 8886",703,543-779-0538,0,No comment
704,demo704,sample,"52 Gentle Treasure, Kildeer village, NV 19122",704,843-213-1584,0,No comment
705,demo705,sample,"128 Red Blossom Farms, Houtzdale borough, IN 74168",705,508-105-2822,0,No comment
706,demo706,sample,"319 Velvet Summit Motorway, Petrey, AR 10829",706,380-604-2806,0,No comment
707,demo707,sample,"484 Pine Pike, Ketchum, TX 21568",707,811-575-1721,0,No comment
708,demo708,sample,"391 Stony Highlands, Dunns, NM 22696",708,646-272-5863,0,No comment
709,demo709,sample,"P.O. Box 78105, Bermuda Dunes, LA 40220",709,480-512-5843,0,No comment
710,demo710,sample,"541 Rustic Lake Dam, Ricketts, CO 47048",710,943-466-7446,0,No comment
711,demo711,sample,"P.O. Box 69039, Guys, MO 55398",711,406-681-2984,0,No comment
712,demo712,sample,"416 High Oak, Hansen, MT 97008",712,901-615-8544,0,No comment
713,demo713,sample,"P.O. Box 72345, Griffithville, MS 77898",713,414-526-1836,0,No comment
714,demo714,sample,"953 Rapid Bank, Ware, MI 53423",714,313-895-2413,0,No comment
715,demo715,sample,"84 Perkins Narrow, Tilton village, RI 59966",715,590-364-0400,0,No comment
716,demo716,sample,"46 Sleepy Hickory, Ramseur, MT 85044",716,324-457-3425,0,No comment
717,demo717,sample,"66 High Sky, New Galilee borough, CT 68530",717,309-618-5222,0,No comment
718,demo718,sample,"48 Field Terrace, Elmwood village, FL 3991",718,411-032-8362,0,No comment
719,demo719,sample,"707 Wagon Port, Bloomfield borough, NM 41033",719,626-914-1664,0,No comment
720,demo720,sample,"215 Fillmore Avenue, Green Hills borough, OR 68253",720,975-590-9308,0,No comment
721,demo721,sample,"512 Rustic Sixth Tunnel, Fort Wayne, TN 13995",721,845-096-2957,0,No comment
722,demo722,sample,"236 Field Knoll, Garfield Heights, CO 57776",722,235-924-7959,0,No comment
723,demo723,sample,"P.O. Box 25842, East Pepperell, OK 19086",723,263-811-7179,0,No comment
724,demo724,sample,"455 Merry Sixth, Vanduser village, MO 74205",724,643-833-3479,0,No comment
725,demo725,sample,"P.O. Box 89123, Kirklin, MI 2176",725,902-879-8075,0,No comment
726,demo726,sample,"59 Cozy Sky Dell, Armona, MT 94867",726,817-903-3428,0,No comment
727,demo727,sample,"527 Silver Cliff Harbor, Roby, PA 83063",727,363-954-2154,0,No comment
728,demo728,sample,"408 Cozy First, Lozano, GA 88915",728,328-447-7356,0,No comment
729,demo729,sample,"256 N Way, Downing village, CT 82729",729,726-338-2304,0,No comment
730,demo730,sample,"642 NE Tunnel, Melvin village, MD 10475",730,890-965-4978,0,No comment
731,demo731,sample,"819 Grand Sky, Bridgman, SC 37790",731,955-265-5124,0,No comment
732,demo732,sample,"P.O. Box 27511, Dobbs Ferry village, RI 40569",732,734-991-5623,0,No comment
733,demo733,sample,"371 Silent Mountain Promenade, Coplay borough, MI 61003",733,600-467-8975,0,No comment
734,demo734,sample,"401 Squaw Dam, Haworth borough, DE 3986",734,731-769-9932,0,No comment
735,demo735,sample,"587 Fort Mill, Woodbranch, KY 40107",735,730-534-3545,0,No comment
736,demo736,sample,"556 Emerald Manor, Mango, ID 1298",736,805-543-4388,0,No comment
737,demo737,sample,"635 Panda Bayoo, Raymond village, NC 82933",737,990-329-5085,0,No comment
738,demo738,sample,"109 Log Skyway, Jerome village, NM 57063",738,719-401-3312,0,No comment
739,demo739,sample,"145 Berry Divide, Ransom, NC 50471",739,763-819-0287,0,No comment
740,demo740,sample,"787 Washington Overpass, Chrisman, VT 79113",740,941-156-5647,0,No comment
741,demo741,sample,"558 Bright Curve, Moenkopi, MO 94598",741,539-398-2516,0,No comment
742,demo742,sample,"562 Bear Inlet, Mansfield Center, AR 37450",742,734-345-7834,0,No comment
743,demo743,sample,"947 Cedar Acres, Alburtis borough, IN 26994",743,463-938-9740,0,No comment
744,demo744,sample,"569 Smith Arbor, Dongola village, NM 69056",744,610-617-7747,0,No comment
745,demo745,sample,"P.O. Box 48293, Granjeno, OK 31990",745,963-690-6848,0,No comment
746,demo746,sample,"613 Jagged Viaduct, Golden Gate, NC 77727",746,590-587-7780,0,No comment
747,demo747,sample,"538 Crystal Pioneer Parkway, Stockholm village, KS 86577",747,537-016-5269,0,No comment
748,demo748,sample,"P.O. Box 31649, Magnolia borough, PA 26790",748,787-221-5616,0,No comment
749,demo749,sample,"519 Forge Corner, Carolina Shores, NJ 96487",749,648-009-6504,0,No comment
750,demo750,sample,"748 Jagged Bear, South Alamo, TX 28811",750,518-601-2490,0,No comment
751,demo751,sample,"267 Hidden Lodge, Bitter Springs, HI 86373",751,590-929-3115,0,No comment
752,demo752,sample,"P.O. Box 48119, St. Joseph, TN 2701",752,321-811-7371,0,No comment
753,demo753,sample,"P.O. Box 75751, Footville village, AZ 92979",753,523-682-5115,0,No comment
754,demo754,sample,"875 Pine Crossroad, Glasgow borough, AK 90805",754,484-049-9618,0,No comment
755,demo755,sample,"755 Honey Cliff Overpass, West Goshen, FL 67841",755,211-700-0261,0,No comment
756,demo756,sample,"18 Broad Seventh, Buffalo Gap, WA 99787",756,607-130-7990,0,No comment
757,demo757,sample,"22 Quaking Ford, Ruleville, NH 13876",757,832-179-1095,0,No comment
758,demo758,sample,"325 Main Plaza, Offutt AFB, GA 98740",758,903-756-1803,0,No comment
759,demo759,sample,"334 Merry Seventh Union, Roy village, AZ 45670",759,976-852-6188,0,No comment
760,demo760,sample,"181 Berry Narrow, North Vacherie, NE 34324",760,233-079-4888,0,No comment
761,demo761,sample,"704 Anchor Causeway, Taylor Lake Village, MO 4918",761,385-721-1448,0,No comment
762,demo762,sample,"258 Amber Dale, Forsyth, MD 401",762,971-495-6837,0,No comment
763,demo763,sample,"308 Burning Sky Landing, Gibbs village, WI 6395",763,301-175-1072,0,No comment
764,demo764,sample,"483 Wishing Plaza, Crane, VA 79813",764,867-373-8521,0,No comment
765,demo765,sample,"614 Crystal Nectar, Aspinwall, DE 97861",765,573-460-1482,0,No comment
766,demo766,sample,"P.O. Box 68249, Guerneville, CO 55237",766,954-308-1353,0,No comment
767,demo767,sample,"P.O. Box 32924, Piney Point Village, WA 82170",767,730-553-5902,0,No comment
768,demo768,sample,"300 Bright Deer Annex, Wildrose, NC 72914",768,520-747-2865,0,No comment
769,demo769,sample,"P.O. Box 97247, Littlerock, MO 83783",769,953-976-3737,0,No comment
770,demo770,sample,"612 Pleasant Divide, Earling, CO 90572",770,825-109-2124,0,No comment
771,demo771,sample,"413 Creek Vista, Moses Lake North, MT 77111",771,427-582-8697,0,No comment
772,demo772,sample,"P.O. Box 37985, Hartland village, CA 55148",772,752-070-6792,0,No comment
773,demo773,sample,"345 Camp Pathway, Natchitoches, NM 593",773,505-166-5182,0,No comment
774,demo774,sample,"42 Kennedy Place, Harlan, IA 29109",774,986-989-8835,0,No comment
775,demo775,sample,"102 Light Dell, Lowellville village, VT 91154",775,816-832-4209,0,No comment
776,demo776,sample,"5 Sleepy Canyon, Basalt, SC 94152",776,527-119-1554,0,No comment
777,demo777,sample,"P.O. Box 70116, Avondale, VT 26209",777,390-119-7956,0,No comment
778,demo778,sample,"365 Blue Richmond Inlet, Woodfin, NM 83103",778,503-874-9080,0,No comment
779,demo779,sample,"582 Green Rapid, Allakaket, IN 89103",779,739-418-4013,0,No comment
780,demo780,sample,"244 Emerald Essex Dell, Rayland village, OR 99045",780,369-483-7638,0,No comment
781,demo781,sample,"81 Little Lock, Plumvillage, OK 53904",781,761-094-1313,0,No comment
782,demo782,sample,"142 W Common Walk, Maryland, AR 21160",782,784-243-4205,0,No comment
783,demo783,sample,"354 Dewy Perkins Lane, Gaines village, ME 2650",783,677-261-5660,0,No comment
784,demo784,sample,"674 Cedar Bayoo, Wells, TX 1989",784,912-801-0873,0,No comment
785,demo785,sample,"290 Smith Bayoo, Shadeland, CT 93566",785,816-679-9379,0,No comment
786,demo786,sample,"P.O. Box 84513, Meadows Place, VT 18913",786,477-258-4940,0,No comment
787,demo787,sample,"357 Hazy Mission, Farrell, MI 7402",787,706-232-8610,0,No comment
788,demo788,sample,"235 Willow Bypass, Rhodhiss, WV 88658",788,489-610-2084,0,No comment
789,demo789,sample,"70 Sunny Cider, Geronimo, WV 15100",789,946-345-8471,0,No comment
790,demo790,sample,"583 Merry Throughway, Wanda, OK 43747",790,533-650-1214,0,No comment
791,demo791,sample,"983 Dewy Common Lane, Seabrook, VT 88510",791,611-067-7988,0,No comment
792,demo792,sample,"P.O. Box 86329, Amagansett, ND 19168",792,473-099-3862,0,No comment
793,demo793,sample,"610 Rocky Horse Highway, Rhine, IN 58192",793,851-976-5056,0,No comment
794,demo794,sample,"686 Red Robin, Lake Oswego, IN 43782",794,442-877-5853,0,No comment
795,demo795,sample,"567 Light Isle, Huntingdon, VA 4926",795,506-187-6201,0,No comment
796,demo796,sample,"113 Round Crescent Street, Scott, IA 39723",796,453-254-3700,0,No comment
797,demo797,sample,"527 Middle Common Bridge, Bruceton Mills, CT 89575",797,372-140-5809,0,No comment
798,demo798,sample,"327 Emerald Corner, Altoona, WI 76717",798,753-234-8613,0,No comment
799,demo799,sample,"954 Spring Arcade, La Due village, WI 29921",799,359-872-3074,0,No comment
800,demo800,sample,"P.O. Box 41273, St. Clair Shores, FL 95811",800,801-986-1615,0,No comment
801,demo801,sample,"43 Thunder Zephyr Track, Blue Diamond, OR 46502",801,740-005-5020,0,No comment
802,demo802,sample,"679 Quaking Barn, Marsing, CO 26111",802,229-091-9608,0,No comment
803,demo803,sample,"71 Amber Sixth, Cartago, MT 3309",803,685-297-4551,0,No comment
804,demo804,sample,"293 W Bayoo, Dillon, WA 59356",804,424-180-6997,0,No comment
805,demo805,sample,"P.O. Box 35688, Endeavor village, TX 26614",805,636-038-6078,0,No comment
806,demo806,sample,"866 Island Motorway, Stoys borough, LA 77305",806,939-235-9653,0,No comment
807,demo807,sample,"366 SW Light Annex, West Palm Beach, ID 43185",807,952-147-2520,0,No comment
808,demo808,sample,"422 Rustic First Pathway, Riverdale Park, SC 73549",808,413-731-7135,0,No comment
809,demo809,sample,"489 Fork Orchard, Azle, IL 46662",809,571-693-7484,0,No comment
810,demo810,sample,"466 Main Landing, Molena, KY 74724",810,541-657-4986,0,No comment
811,demo811,sample,"P.O. Box 78690, Nellieburg, DE 28180",811,337-514-8249,0,No comment
812,demo812,sample,"71 Cedar Peavey, Lawn, VT 85296",812,317-666-4467,0,No comment
813,demo813,sample,"P.O. Box 99304, Spring Park, ID 6506",813,940-036-0261,0,No comment
814,demo814,sample,"59 Silver Mission Highlands, Twin Lakes, MD 28366",814,654-221-9185,0,No comment
815,demo815,sample,"252 Bright Crossing, Colwell, RI 93686",815,635-741-3558,0,No comment
816,demo816,sample,"403 Silent Elk, Sorrento, KS 19390",816,505-120-9103,0,No comment
817,demo817,sample,"64 Mission Station, La Fargeville, IN 37589",817,603-092-5403,0,No comment
818,demo818,sample,"P.O. Box 41592, Armour, AR 80423",818,250-693-9071,0,No comment
819,demo819,sample,"P.O. Box 96815, Zena, OH 62980",819,306-913-2104,0,No comment
820,demo820,sample,"913 N Barn, Sandy Ridge, CO 62875",820,366-829-3866,0,No comment
821,demo821,sample,"864 Pleasant Treasure Underpass, Navajo Mountain, RI 93447",821,360-447-4109,0,No comment
822,demo822,sample,"P.O. Box 23102, Parksley, NC 49557",822,876-878-3717,0,No comment
823,demo823,sample,"876 Tawny Haven, Azure, HI 94364",823,284-652-0105,0,No comment
824,demo824,sample,"907 SE Horse Jetty, Rushville village, WY 58392",824,945-926-4553,0,No comment
825,demo825,sample,"502 Cedar Rest Court, Highlandville, KS 61785",825,456-012-5001,0,No comment
826,demo826,sample,"170 Richmond Court, Cathlamet, MI 70549",826,529-801-7602,0,No comment
827,demo827,sample,"P.O. Box 23522, Huslia, NE 67031",827,755-707-4971,0,No comment
828,demo828,sample,"530 Dusty Ramp, North Edwards, WY 35320",828,443-473-3489,0,No comment
829,demo829,sample,"649 Shady Seventh, Bel Air, TX 74534",829,855-938-6995,0,No comment
830,demo830,sample,"P.O. Box 18917, Gray Court, PA 73399",830,486-675-1842,0,No comment
831,demo831,sample,"116 Heather Fifth Dam, Twining village, GA 71282",831,843-796-8073,0,No comment
832,demo832,sample,"627 Grand Berry Highlands, Maitland, ID 89002",832,323-410-2291,0,No comment
833,demo833,sample,"654 Rabbit Parkway, Villisca, DE 71035",833,642-401-8753,0,No comment
834,demo834,sample,"114 First Lawn, Eupora, WV 33705",834,738-330-0178,0,No comment
835,demo835,sample,"532 Grove Mill, New Berlin borough, NV 20523",835,414-298-3672,0,No comment
836,demo836,sample,"491 Old Pathway, New Lenox village, OK 8945",836,934-287-6986,0,No comment
837,demo837,sample,"228 View Mill, Upper St. Clair, CT 69356",837,521-500-3344,0,No comment
838,demo838,sample,"185 Green Narrow, Madison Lake, MN 30380",838,310-840-4310,0,No comment
839,demo839,sample,"429 Thunder Track, Barrett, LA 16225",839,988-321-3870,0,No comment
840,demo840,sample,"P.O. Box 93250, Goodhue, WV 47240",840,636-274-6748,0,No comment
841,demo841,sample,"443 Rose Heights, Dendron, OK 22165",841,754-179-0525,0,No comment
842,demo842,sample,"861 Cinder Rapid, Los Cerrillos, MN 31505",842,741-687-7089,0,No comment
843,demo843,sample,"178 Red Drive, Woodland Heights, CA 21908",843,566-164-1327,0,No comment
844,demo844,sample,"594 Velvet Key, Walstonburg, LA 31848",844,282-230-4942,0,No comment
845,demo845,sample,"661 Red Fair, Peak, MD 2252",845,272-203-8577,0,No comment
846,demo846,sample,"704 NW Pony Terrace, Birmingham village, UT 75714",846,382-575-3301,0,No comment
847,demo847,sample,"168 Quaking Summit Street, Tomahawk, OK 48688",847,990-972-4142,0,No comment
848,demo848,sample,"211 W Lane, Valencia borough, NY 27748",848,661-382-9845,0,No comment
849,demo849,sample,"454 Hazy Station, Berthold, SD 14584",849,350-231-5886,0,No comment
850,demo850,sample,"998 Clear Seventh Key, Unalaska, HI 91484",850,343-095-8325,0,No comment
851,demo851,sample,"980 Merry Fort Extension, South Whittier, UT 10561",851,788-391-5700,0,No comment
852,demo852,sample,"P.O. Box 26337, North Irwin borough, IL 61744",852,208-547-3501,0,No comment
853,demo853,sample,"642 Dusty Willow, Spreckels, ID 16543",853,420-852-6636,0,No comment
854,demo854,sample,"P.O. Box 31979, Lemoore, AR 93357",854,740-872-2086,0,No comment
855,demo855,sample,"663 Wintergreen Run, Flying Hills, AK 37758",855,983-664-8862,0,No comment
856,demo856,sample,"731 Ninth Ramp, San Leandro, MO 82126",856,458-280-5885,0,No comment
857,demo857,sample,"113 Lazy Pine, Malcom, NY 15936",857,628-166-8661,0,No comment
858,demo858,sample,"584 Red Spring Walk, Taylor borough, VA 2206",858,953-010-6360,0,No comment
859,demo859,sample,"P.O. Box 73672, Villa Park village, NY 71640",859,447-404-9194,0,No comment
860,demo860,sample,"419 NW Pine Glen, Amoret, WA 55110",860,486-525-1406,0,No comment
861,demo861,sample,"62 Flat Stravenue, South Burlington, ME 88233",861,872-341-4445,0,No comment
862,demo862,sample,"P.O. Box 97772, Quail Valley, GA 48592",862,713-836-3404,0,No comment
863,demo863,sample,"91 Dusty Ford, Ilion village, CO 83771",863,436-925-5918,0,No comment
864,demo864,sample,"780 Mission Acres, New England, CA 29860",864,914-891-1921,0,No comment
865,demo865,sample,"374 E Field Driveway, Blawnox borough, AR 34513",865,669-961-8829,0,No comment
866,demo866,sample,"562 Sunny Grove Ledge, Rendville village, SD 29709",866,676-078-8468,0,No comment
867,demo867,sample,"524 SW Row, Onslow, KY 22147",867,777-624-1955,0,No comment
868,demo868,sample,"571 S Annex, Hot Sulphur Springs, CA 90709",868,629-078-1260,0,No comment
869,demo869,sample,"332 Cozy Pass, Vista Center, FL 90383",869,932-820-8987,0,No comment
870,demo870,sample,"664 Broad Creek Plaza, Millican, CA 63155",870,215-552-5192,0,No comment
871,demo871,sample,"665 Silent Goose Trace, Succasunna-Kenvil, WV 77503",871,602-555-5596,0,No comment
872,demo872,sample,"210 Log Pike, Avenal, AZ 71431",872,553-303-5651,0,No comment
873,demo873,sample,"40 Squaw Drive, Burlington borough, FL 5336",873,303-256-5002,0,No comment
874,demo874,sample,"708 Second Manor, Loveland Park, AK 80571",874,573-010-7414,0,No comment
875,demo875,sample,"P.O. Box 38765, Wading River, ID 1737",875,650-425-8613,0,No comment
876,demo876,sample,"755 Tawny Crest, East Meadow, NV 64319",876,443-483-1719,0,No comment
877,demo877,sample,"402 Quaking Blossom, Panhandle, WV 43695",877,908-980-2528,0,No comment
878,demo878,sample,"723 Deer Road, Horn, CT 36654",878,540-130-7820,0,No comment
879,demo879,sample,"522 Merry Apple, Eufaula, MO 42139",879,464-474-8138,0,No comment
880,demo880,sample,"234 Green Lock Turnpike, Bethania, ND 9080",880,972-669-5972,0,No comment
881,demo881,sample,"549 Quaking Robin Bank, Petrolia borough, NE 14015",881,680-214-9341,0,No comment
882,demo882,sample,"P.O. Box 35405, East Side borough, RI 21785",882,608-007-7616,0,No comment
883,demo883,sample,"P.O. Box 84466, Kossuth village, PA 60416",883,715-389-7094,0,No comment
884,demo884,sample,"988 Stony Oak, Hamer, CT 37894",884,215-990-4425,0,No comment
885,demo885,sample,"895 SE Promenade, Bailey, CO 51736",885,686-451-4411,0,No comment
886,demo886,sample,"40 Shady Forest, Cosby village, AR 93093",886,625-855-9484,0,No comment
887,demo887,sample,"171 Club Woods, Truesdale, DE 21878",887,580-187-0308,0,No comment
888,demo888,sample,"507 Harvest Horse Vale, Northfork, GA 24023",888,222-421-0296,0,No comment
889,demo889,sample,"P.O. Box 52982, Yoe borough, ID 88603",889,873-702-4874,0,No comment
890,demo890,sample,"P.O. Box 87519, North Cleveland, DE 41863",890,624-825-3782,0,No comment
891,demo891,sample,"547 Harvest Lock, Alba, NH 14584",891,519-736-7180,0,No comment
892,demo892,sample,"163 Tawny Well, Brices Creek, MN 12828",892,803-226-7022,0,No comment
893,demo893,sample,"P.O. Box 95195, Kathryn, LA 81765",893,563-301-6328,0,No comment
894,demo894,sample,"743 Branch Shore, Arial, AR 94449",894,722-474-8032,0,No comment
895,demo895,sample,"283 Velvet First Curve, Wilton, AR 33556",895,575-090-5804,0,No comment
896,demo896,sample,"676 Pioneer Mews, Winnetka village, VA 54635",896,876-913-7618,0,No comment
897,demo897,sample,"523 High Beach, Lingles, MO 96652",897,913-818-0096,0,No comment
898,demo898,sample,"802 Island Hollow, Moosup, KY 6021",898,601-957-3051,0,No comment
899,demo899,sample,"203 Dewy Log, Octa village, CA 50372",899,970-606-9856,0,No comment
900,demo900,sample,"469 Pleasant Walk, Sloatsburg village, VT 73511",900,734-499-4273,0,No comment
901,demo901,sample,"P.O. Box 38864, Carey, NH 99055",901,912-015-8586,0,No comment
902,demo902,sample,"428 Crystal Lawn, Virgin, SC 84318",902,880-981-4591,0,No comment
903,demo903,sample,"P.O. Box 45010, Rodman, TX 94353",903,377-036-0859,0,No comment
904,demo904,sample,"P.O. Box 87436, Hopkinsville, AK 14455",904,632-721-0882,0,No comment
905,demo905,sample,"599 Sleepy Butterfly, Roebuck, WI 17274",905,951-643-2833,0,No comment
906,demo906,sample,"623 Red Creek, Collings Lakes, AL 28955",906,811-730-9064,0,No comment
907,demo907,sample,"831 Cinder Cliff, Dubois borough, NM 11659",907,542-369-9754,0,No comment
908,demo908,sample,"903 Amber Annex, Matamoras borough, NM 77163",908,844-919-5642,0,No comment
909,demo909,sample,"402 High Grove, Cloverport, HI 74420",909,564-434-6035,0,No comment
910,demo910,sample,"847 Indian Seventh Bridge, Hedwig Village, AR 99404",910,913-066-1263,0,No comment
911,demo911,sample,"357 Gentle Log, Varnville, MD 32679",911,679-317-4193,0,No comment
912,demo912,sample,"911 Broad Essex, St. Vincent, TN 72253",912,488-985-9319,0,No comment
913,demo913,sample,"938 Dewy Stream Alley, Neenah, HI 79400",913,611-116-0956,0,No comment
914,demo914,sample,"810 Park Causeway, Rancho Banquete, MS 14938",914,958-291-5522,0,No comment
915,demo915,sample,"145 Quaking Maple, Comstock Northwest, AK 37019",915,567-784-8205,0,No comment
916,demo916,sample,"336 Round Timber Lawn, West Bay Shore, WA 99140",916,811-568-6518,0,No comment
917,demo917,sample,"185 Noble Spur Walk, Monowi village, MA 52236",917,905-826-5479,0,No comment
918,demo918,sample,"646 S Pine, Grand Cane village, NH 64593",918,556-598-3222,0,No comment
919,demo919,sample,"323 Thunder First, West Perrine, OR 56243",919,263-798-9752,0,No comment
920,demo920,sample,"450 Hazy Fort Court, Napakiak, OK 36497",920,547-065-0264,0,No comment
921,demo921,sample,"583 Jagged Bayoo, Sarcoxie, ID 18449",921,949-760-1705,0,No comment
922,demo922,sample,"862 Cozy Smith, La Pine, NJ 22730",922,570-077-5527,0,No comment
923,demo923,sample,"576 Noble Square, Trafford borough, KS 87930",923,511-748-0305,0,No comment
924,demo924,sample,"960 Rocky Fox, Belknap village, WI 96831",924,740-107-7384,0,No comment
925,demo925,sample,"P.O. Box 31421, Piketon village, GA 36000",925,885-648-3213,0,No comment
926,demo926,sample,"502 Clear Essex Turnpike, Chesapeake Beach, CA 70077",926,206-233-9811,0,No comment
927,demo927,sample,"671 Fort Promenade, Paducah, IA 19113",927,214-296-4516,0,No comment
928,demo928,sample,"P.O. Box 32347, Winchester, NH 57928",928,477-483-4436,0,No comment
929,demo929,sample,"301 Lazy Apple Overpass, Morrison, WA 63592",929,505-942-1529,0,No comment
930,demo930,sample,"P.O. Box 65791, Wilkinsburg borough, ND 26295",930,920-445-2169,0,No comment
931,demo931,sample,"22 Fallen Deer Lane, Larwill, CO 56455",931,608-183-3904,0,No comment
932,demo932,sample,"P.O. Box 97958, Houtzdale borough, WY 11455",932,277-055-9349,0,No comment
933,demo933,sample,"512 Quiet Track, Washington ship, VA 6595",933,823-637-8210,0,No comment
934,demo934,sample,"671 Crystal Pathway, Chittenango village, GA 54358",934,410-298-2164,0,No comment
935,demo935,sample,"993 Sunny Shadow, Port Arthur, SC 7932",935,440-973-5378,0,No comment
936,demo936,sample,"957 SE Heights, Poughkeepsie, MT 12172",936,340-891-0305,0,No comment
937,demo937,sample,"263 Fallen Stead, Cedar Fort, OH 99828",937,260-488-2999,0,No comment
938,demo938,sample,"610 Noble Rest, Centuria village, TN 53983",938,654-536-6557,0,No comment
939,demo939,sample,"952 Squaw Fair, Cibolo, GA 70330",939,200-142-5149,0,No comment
940,demo940,sample,"189 Quaking Hill, Walkerville village, MO 82562",940,928-121-9630,0,No comment
941,demo941,sample,"404 SW Squaw Run, Bayview, RI 29539",941,772-388-7772,0,No comment
942,demo942,sample,"131 Golden Dam, Balmville, UT 42729",942,512-618-2206,0,No comment
943,demo943,sample,"911 Cotton Panda Pike, Tremont village, AK 38703",943,217-809-9471,0,No comment
944,demo944,sample,"P.O. Box 66313, Williamson, OH 32117",944,886-726-5888,0,No comment
945,demo945,sample,"48 Horse Crossroad, Port Barre, WI 29670",945,474-001-6061,0,No comment
946,demo946,sample,"425 Easy Lane, Weedpatch, KS 43778",946,215-867-0173,0,No comment
947,demo947,sample,"738 NW Approach, Fitzgerald, AK 79307",947,831-937-6930,0,No comment
948,demo948,sample,"P.O. Box 87003, Bartelso village, OR 80223",948,829-352-2720,0,No comment
949,demo949,sample,"P.O. Box 97049, Sandy Ridge, IN 5223",949,567-015-0587,0,No comment
950,demo950,sample,"P.O. Box 35185, Zanesfield village, IL 49327",950,949-620-1980,0,No comment
951,demo951,sample,"374 Embers Trace, Spiller village, NY 90510",951,955-243-0909,0,No comment
952,demo952,sample,"735 Lodge Tunnel, Elysian, MI 28491",952,913-433-6738,0,No comment
953,demo953,sample,"113 Easy Embers, Creve Coeur, LA 56538",953,801-663-6754,0,No comment
954,demo954,sample,"127 Goose Meadow, Dimmitt, IA 54490",954,512-010-5990,0,No comment
955,demo955,sample,"698 Little Treasure, Cedar Valley, CT 85309",955,905-158-9862,0,No comment
956,demo956,sample,"862 Cedar Beach, Sutherland, IL 93514",956,875-456-9947,0,No comment
957,demo957,sample,"31 Honey Shadow Overpass, Concrete, AZ 60553",957,275-835-1987,0,No comment
958,demo958,sample,"454 Blue Run, Dania Beach, TX 70719",958,915-871-7967,0,No comment
959,demo959,sample,"688 N Club, Bend, MA 26904",959,618-836-9737,0,No comment
960,demo960,sample,"867 S Pond, Oak Creek, HI 5410",960,680-690-9261,0,No comment
961,demo961,sample,"764 Iron Spur Tunnel, Amelia, CT 84523",961,362-994-8128,0,No comment
962,demo962,sample,"826 Rustic Anchor Expressway, Cold Spring, WI 19343",962,572-614-5235,0,No comment
963,demo963,sample,"305 Colonial Rise Manor, Fort Meade, NC 38389",963,540-508-0908,0,No comment
964,demo964,sample,"476 Ironwood Hollow, Mokuleia, PA 17892",964,539-980-3991,0,No comment
965,demo965,sample,"P.O. Box 36114, Orchard Homes, KS 11009",965,449-230-8070,0,No comment
966,demo966,sample,"873 Sleepy Perkins Freeway, Andes village, SC 17001",966,906-252-4507,0,No comment
967,demo967,sample,"100 Bluff Viaduct, Blue Eye, VT 7466",967,371-757-6424,0,No comment
968,demo968,sample,"323 Jagged Sixth Row, Moulton, MD 36112",968,768-218-1842,0,No comment
969,demo969,sample,"840 Grand Underpass, Federal Way, NE 19766",969,610-864-6681,0,No comment
970,demo970,sample,"78 E Butterfly, Valley Green, FL 9854",970,928-566-7205,0,No comment
971,demo971,sample,"618 Dewy Lawn, Philadelphia, LA 67297",971,980-687-4226,0,No comment
972,demo972,sample,"816 Honey Quay, Woodinville, CO 97476",972,261-281-8025,0,No comment
973,demo973,sample,"5 Rustic Bluff Route, Golinda, DE 65730",973,447-173-5528,0,No comment
974,demo974,sample,"P.O. Box 38704, Reed Point, NY 26081",974,218-377-6252,0,No comment
975,demo975,sample,"585 Middle Track, Berry Hill, WI 96533",975,906-220-9637,0,No comment
976,demo976,sample,"P.O. Box 45268, Everly, MO 81575",976,508-214-3071,0,No comment
977,demo977,sample,"921 Crescent Fair, Weippe, KY 28743",977,516-226-9481,0,No comment
978,demo978,sample,"818 Crystal Track, Islip, OK 1367",978,712-162-6930,0,No comment
979,demo979,sample,"294 Amber Peavey Motorway, McGregor, WV 5656",979,474-084-4637,0,No comment
980,demo980,sample,"736 Bright Nectar Pathway, Navarre village, ME 57653",980,590-260-8184,0,No comment
981,demo981,sample,"P.O. Box 60965, Despard, PA 89713",981,807-633-5852,0,No comment
982,demo982,sample,"352 Clear End, Waco, NE 37475",982,622-874-0588,0,No comment
983,demo983,sample,"348 Harvest Fort, Mullin, KY 4489",983,720-983-0941,0,No comment
984,demo984,sample,"152 Bright Lodge Extension, Indian Lake borough, LA 31672",984,306-449-6744,0,No comment
985,demo985,sample,"849 Hickory Fair, East Dunseith, LA 16916",985,889-550-5737,0,No comment
986,demo986,sample,"119 Panda Ledge, Corralitos, AZ 8261",986,632-353-8856,0,No comment
987,demo987,sample,"148 Shadow Trace, Payne, KS 45923",987,588-465-0169,0,No comment
988,demo988,sample,"706 Noble Parade, Boiling Springs, MD 49846",988,261-103-1054,0,No comment
989,demo989,sample,"352 Silver Flat Haven, Winlock, SC 12404",989,512-029-5763,0,No comment
990,demo990,sample,"P.O. Box 65389, Sunset Hills, MS 92737",990,946-786-5310,0,No comment
991,demo991,sample,"47 Golden Nectar, Campbell Station, WI 66414",991,544-396-6223,0,No comment
992,demo992,sample,"406 Brook Drive, Potosi village, MD 36234",992,847-159-2978,0,No comment
993,demo993,sample,"695 Wall Junction, Houston Lake, IL 79294",993,802-922-9353,0,No comment
994,demo994,sample,"P.O. Box 56966, Fouke, FL 1107",994,246-629-1458,0,No comment
995,demo995,sample,"353 Clear Rise, Pekin, GA 38502",995,218-466-4552,0,No comment
996,demo996,sample,"472 Amber Junction, Jamison, IL 63017",996,715-675-6310,0,No comment
997,demo997,sample,"937 Honey Forest, Riverside, SD 93530",997,616-431-8237,0,No comment
998,demo998,sample,"872 Dusty Mall Woods, Antioch, HI 70644",998,880-530-2166,0,No comment
999,demo999,sample,"846 Rustic First, Pagedale, MI 45472",999,707-917-1484,0,No comment
1000,demo1000,sample,"202 Blue Rabbit, Adena village, SC 9298",1000,981-138-0162,0,No comment
